predictor,beta,se,ci_low,ci_high,odds_ratio,or_low,or_high,p_value,n_matches,outcome,model,interval_method,specification,status,q_value_within_sensitivity_family
maintenance_diff_z,0.09815759478438406,0.0018699236891006298,0.09449254435374682,0.1018226452150213,1.103136619988186,1.099100968594424,1.1071870893856048,0.0,1386633,first_post_neutral_blue,logistic,match-score HC0 Wald,old_all_timeline_matches_corrected,estimated,0.0
maintenance_diff_z,0.09942041479973299,0.0019446772595009285,0.09560884737111117,0.10323198222835481,1.1045305629558662,1.100328583389623,1.108748589212654,0.0,1273593,first_post_neutral_blue,logistic,match-score HC0 Wald,old_Iron_Gold_matches_corrected,estimated,0.0
maintenance_diff_z,0.09872199890901776,0.0015373170135757265,0.09570885756240934,0.10173514025562617,1.1037594105827995,1.1004386329646865,1.1070902092631127,0.0,2210921,first_post_neutral_blue,logistic,match-score HC0 Wald,all_available_common_old_scale,estimated,0.0
maintenance_diff_z,0.0949011461502166,0.0026066365361898,0.0897921385392845,0.1000101537611486,1.0995501549876274,1.093946870676343,1.1051821397741493,3.238012922697638e-290,824288,first_post_neutral_blue,logistic,match-score HC0 Wald,newly_available_matches_only,estimated,1.2628250398520788e-289
maintenance_diff_z,0.095922685708794,0.0018848901051127,0.0922283011027729,0.099617070314815,1.1006739628769664,1.096615151952945,1.1047477963420198,0.0,1275770,first_post_neutral_blue,logistic,match-score HC0 Wald,all_available_Iron_Gold,estimated,0.0
maintenance_diff_z,0.0932514343302299,0.0024292530703734,0.0884900983122979,0.0980127703481619,1.0977377095176886,1.092523434731064,1.1029768704172205,0.0,935151,first_post_neutral_blue,logistic,match-score HC0 Wald,all_available_Platinum_Diamond,estimated,0.0
maintenance_diff_z,0.0954983581113821,0.001490011202689,0.0925779361541116,0.0984187800686527,1.100207015615076,1.0969986340833875,1.1034247806698914,0.0,2210921,first_post_neutral_blue,logistic,match-score HC0 Wald,add_final_duration,estimated,0.0
maintenance_diff_z,0.0954668602100553,0.0014896725016474,0.0925471021068262,0.0983866183132844,1.1001723619488208,1.0969648096971063,1.1033892931627014,0.0,2210921,first_post_neutral_blue,logistic,match-score HC0 Wald,omit_sampling_time_tier,estimated,0.0
maintenance_diff_z,0.0956139789766443,0.0014875617771694,0.0926983578933922,0.0985296000598963,1.1003342298563576,1.097130744521217,1.1035470689702922,0.0,2217022,first_legal_post_neutral_blue,logistic,match-score HC0 Wald,first_legally_assigned_objective,estimated,0.0
valid_wards_placed_diff_z,0.0731670688112159,0.0014658468604643,0.0702940089647057,0.0760401286577261,1.0759102729504193,1.072823554633254,1.0790058723458649,0.0,2210921,first_post_neutral_blue,logistic,match-score HC0 Wald,component_valid_wards_placed,estimated,0.0
valid_ward_kills_diff_z,0.0281919693613555,0.0014558957832067,0.0253384136262702,0.0310455250964408,1.028593123834737,1.0256621598505415,1.0315324634324754,1.5533482777357653e-83,2210921,first_post_neutral_blue,logistic,match-score HC0 Wald,component_valid_ward_kills,estimated,3.1066965554715306e-83
control_ward_purchases_diff_z,0.055621250169586,0.0014610335867897,0.052757624339478,0.0584848759996939,1.057197194640626,1.0541741080068854,1.0602289506703664,0.0,2210921,first_post_neutral_blue,logistic,match-score HC0 Wald,component_control_ward_purchases,estimated,0.0
valid_wards_placed_diff_z,0.0755939192289327,0.0015768445451279,0.072503303920482,0.0786845345373834,1.0785245171525002,1.0751963584475577,1.0818629778271978,0.0,2210921,first_post_neutral_blue,logistic,match-score HC0 Wald,three_components_simultaneously,estimated,0.0
valid_ward_kills_diff_z,0.0527101176177782,0.0015126555128564,0.0497453128125795,0.0556749224229769,1.0541240288404712,1.0510033851900231,1.0572539383191075,4.8811221516451476e-266,2210921,first_post_neutral_blue,logistic,match-score HC0 Wald,three_components_simultaneously,estimated,1.8129882277539118e-265
control_ward_purchases_diff_z,0.0402940228116864,0.0015267998544586,0.0373014950969475,0.0432865505264253,1.0411168412958,1.0380059273635978,1.0442370786675303,1.7307301052164264e-153,2210921,first_post_neutral_blue,logistic,match-score HC0 Wald,three_components_simultaneously,estimated,5.39987792827525e-153
maintenance_diff_z,0.080700385936301,0.0014712578411917,0.0778167205675652,0.0835840513050368,1.0840460524622444,1.0809245292798857,1.0871765900639396,0.0,2210921,first_post_neutral_blue,logistic,match-score HC0 Wald,deployment_and_purchase,estimated,0.0
maintenance_diff_z,0.0862176344209342,0.0014853013561055,0.0833064437629673,0.0891288250789012,1.0900435334853895,1.086874823531247,1.0932214815988457,0.0,2210921,first_post_neutral_blue,logistic,match-score HC0 Wald,placement_and_clearing,estimated,0.0
maintenance_diff_z,0.0956729656311995,0.001490066269366,0.0927524357432421,0.0985934955191568,1.1003991368057726,1.097190076597146,1.1036175828698147,0.0,2210921,first_post_neutral_blue,logistic,match-score HC0 Wald,purchase_net_of_undo,estimated,0.0
maintenance_diff_z,0.0987859168176153,0.0038402741186092,0.0912589795451411,0.1063128540900895,1.1038299628306707,1.0955526942604932,1.1121697689449954,6.355364152572484e-146,277676,first_post_neutral_blue,logistic,match-score HC0 Wald,tier_IRON,estimated,1.8359940885209396e-145
maintenance_diff_z,0.091656457756026,0.0035714945810124,0.0846563283772415,0.0986565871348105,1.0959882391394034,1.0883429698242837,1.1036872140827316,3.001521167781589e-145,339992,first_post_neutral_blue,logistic,match-score HC0 Wald,tier_BRONZE,estimated,8.361380395962998e-145
maintenance_diff_z,0.0998461544487568,0.0038406282914061,0.0923185229976007,0.1073737858999128,1.105000905524711,1.0967140951132035,1.1133503313681727,5.306002351994739e-149,319601,first_post_neutral_blue,logistic,match-score HC0 Wald,tier_SILVER,estimated,1.591800705598422e-148
maintenance_diff_z,0.0923995048135378,0.0038530979279587,0.0848474328747386,0.099951576752337,1.0968029126084424,1.0885509769355506,1.1051174034062592,4.435077939400757e-127,338501,first_post_neutral_blue,logistic,match-score HC0 Wald,tier_GOLD,estimated,1.1159228363653518e-126
maintenance_diff_z,0.0945683646861418,0.0041221296906211,0.0864889904925243,0.1026477388797592,1.0991843059544917,1.0903393635523255,1.108100999417578,1.7862073957168886e-116,309870,first_post_neutral_blue,logistic,match-score HC0 Wald,tier_PLATINUM,estimated,4.353880527059916e-116
maintenance_diff_z,0.0911789134582431,0.0042045096057961,0.0829380746308826,0.0994197522856036,1.0954649811547426,1.086474526128948,1.1045298311890044,2.7826433148067182e-104,310041,first_post_neutral_blue,logistic,match-score HC0 Wald,tier_EMERALD,estimated,6.029060515414557e-104
maintenance_diff_z,0.0934506732061514,0.0043020812763433,0.0850185939045184,0.1018827525077844,1.0979564433344058,1.0887373103877884,1.1072536414042409,1.265683394476076e-104,315240,first_post_neutral_blue,logistic,match-score HC0 Wald,tier_DIAMOND,estimated,2.8206658505466836e-104
maintenance_diff_z,0.0918543768346255,0.012312716461013,0.06772145257104,0.115987301098211,1.0962051775892705,1.070067202494305,1.122981611409513,8.644187587998073e-14,31628,first_post_neutral_blue,logistic,match-score HC0 Wald,calendar_2024,estimated,1.5323787087814764e-13
maintenance_diff_z,0.0946914279246681,0.0037764133578934,0.087289657743197,0.1020931981061392,1.099319583458593,1.091212712156998,1.1074866825797216,9.45440275604751e-139,336199,first_post_neutral_blue,logistic,match-score HC0 Wald,calendar_2025,estimated,2.4581447165723527e-138
maintenance_diff_z,0.0955970267965931,0.0016407096776955,0.0923812358283098,0.0988128177648764,1.1003155769504809,1.096782875315265,1.103859657301689,0.0,1834153,first_post_neutral_blue,logistic,match-score HC0 Wald,calendar_2026,estimated,0.0
maintenance_diff_z,0.1139487384081967,0.0526717147579052,0.0107121774827025,0.217185299333691,1.120694674818718,1.010769758277473,1.242574329001889,0.0305122503288939,1757,first_post_neutral_blue,logistic,match-score HC0 Wald,patch_14.13,estimated,0.03552172426348842
maintenance_diff_z,0.101041157392412,0.0556612497340228,-0.0080548920862726,0.2101372068710967,1.1063221741622755,0.9919774616301448,1.233847340676264,0.0694797761535484,1570,first_post_neutral_blue,logistic,match-score HC0 Wald,patch_14.14,estimated,0.0742386649311887
maintenance_diff_z,0.10919727029682,0.0546049311832842,0.0021716051775828,0.2162229354160572,1.1153823604493185,1.0021739648198678,1.241379095519714,0.0455251706143735,1603,first_post_neutral_blue,logistic,match-score HC0 Wald,patch_14.15,estimated,0.05001356771719905
maintenance_diff_z,0.0332211982116836,0.0550089186695774,-0.0745962823806881,0.1410386788040555,1.0337791840592503,0.9281181083358496,1.1514691845743936,0.5458942681877049,1655,first_post_neutral_blue,logistic,match-score HC0 Wald,patch_14.16,estimated,0.5458942681877049
maintenance_diff_z,-0.0437582738859887,0.0551495081910195,-0.151851309940387,0.0643347621684096,0.9571853061948616,0.859116013255836,1.0664493459075066,0.4275167812956826,1635,first_post_neutral_blue,logistic,match-score HC0 Wald,patch_14.17,estimated,0.4330689472865356
maintenance_diff_z,0.0929928161353045,0.0467874786057733,0.0012893580679886,0.1846962742026203,1.0974538512797862,1.0012901896474653,1.202853047139993,0.0468606219353944,2041,first_post_neutral_blue,logistic,match-score HC0 Wald,patch_14.18,estimated,0.05076567376334393
maintenance_diff_z,0.0815168281705715,0.0483141296503599,-0.0131788659441339,0.1762125222852771,1.0849314748422982,0.9869075950735005,1.192691505242516,0.0915600133733532,2172,first_post_neutral_blue,logistic,match-score HC0 Wald,patch_14.19,estimated,0.09650920328542635
maintenance_diff_z,0.1331566299307038,0.0489485768885254,0.0372174192291938,0.2290958406322137,1.142428922881083,1.0379186597831214,1.2574625492405629,0.0065215394580385,2112,first_post_neutral_blue,logistic,match-score HC0 Wald,patch_14.20,estimated,0.008074286948047666
maintenance_diff_z,0.0930633706888793,0.0446033116982961,0.0056408797602189,0.1804858616175397,1.0975312843779288,1.0056568194797064,1.1977991864177615,0.0369362750023128,2404,first_post_neutral_blue,logistic,match-score HC0 Wald,patch_14.21,estimated,0.04115756357400569
maintenance_diff_z,0.1190015517401843,0.0401276278856096,0.0403514010843894,0.1976517023959792,1.1263716661231735,1.0411765804956852,1.2185379060688082,0.0030211616097693,3089,first_post_neutral_blue,logistic,match-score HC0 Wald,patch_14.22,estimated,0.00386312468134435
maintenance_diff_z,0.0643737938421841,0.0301013298039338,0.0053751874264737,0.1233724002578945,1.0664909720228362,1.005389659665121,1.1313056410238636,0.0324705282660878,5224,first_post_neutral_blue,logistic,match-score HC0 Wald,patch_14.23,estimated,0.03724560595227718
maintenance_diff_z,0.1379752939474711,0.0255285950717757,0.0879392476067907,0.1880113402881515,1.1479471886802848,1.0919217831515713,1.2068472012670213,6.490424048849132e-08,7638,first_post_neutral_blue,logistic,match-score HC0 Wald,patch_14.24,estimated,1.0331695424698618e-07
maintenance_diff_z,0.0923937608476548,0.0289919841742901,0.0355694718660461,0.1492180498292635,1.0967966126280253,1.036209633044395,1.16092610135074,0.001438200944961,5537,first_post_neutral_blue,logistic,match-score HC0 Wald,patch_15.1,estimated,0.0018696612284493
maintenance_diff_z,0.1412253290228897,0.0292136360568495,0.0839666023514646,0.1984840556943148,1.1516841266085402,1.0875925701678593,1.2195525823400604,1.3366443603831526e-06,5707,first_post_neutral_blue,logistic,match-score HC0 Wald,patch_15.10,estimated,2.085165202197718e-06
maintenance_diff_z,0.0698372281013592,0.027081841413101,0.0167568189316811,0.1229176372710373,1.0723336212683616,1.016898001912162,1.130791282056078,0.009915926666923,6272,first_post_neutral_blue,logistic,match-score HC0 Wald,patch_15.11,estimated,0.012085035625312405
maintenance_diff_z,0.0622982319122511,0.0249473539592161,0.0134014181521874,0.1111950456723149,1.0642796995729842,1.013491619648688,1.1176128711511124,0.0125182584546565,7700,first_post_neutral_blue,logistic,match-score HC0 Wald,patch_15.12,estimated,0.0150219101455878
maintenance_diff_z,0.1296226211733624,0.020172870588729,0.0900837948194533,0.1691614475272714,1.1383986946883773,1.094265973683283,1.184311327625447,1.313579197511442e-10,11660,first_post_neutral_blue,logistic,match-score HC0 Wald,patch_15.13,estimated,2.2768706090198328e-10
maintenance_diff_z,0.0808664044791844,0.0216913907637171,0.0383512785822988,0.12338153037607,1.0842260391484428,1.039096181008851,1.1313159700252111,0.0001929736230203,10370,first_post_neutral_blue,logistic,match-score HC0 Wald,patch_15.14,estimated,0.0002687846892068464
maintenance_diff_z,0.0920206780160746,0.0222814847632828,0.0483489678800404,0.135692388152109,1.0963874929646251,1.0495368460745484,1.1453295224700228,3.628945555195395e-05,9803,first_post_neutral_blue,logistic,match-score HC0 Wald,patch_15.15,estimated,5.241810246393348e-05
maintenance_diff_z,0.0799725849109688,0.0215632749950625,0.0377085659206462,0.1222366039012913,1.0832573696706405,1.03842855530537,1.1300214376334057,0.000208293005696,10695,first_post_neutral_blue,logistic,match-score HC0 Wald,patch_15.16,estimated,0.0002850325341103158
maintenance_diff_z,0.0966772047141405,0.0208538097337152,0.0558037376360585,0.1375506717922224,1.1015047556857147,1.0573901374825276,1.1474598483459897,3.5530304727673285e-06,10964,first_post_neutral_blue,logistic,match-score HC0 Wald,patch_15.17,estimated,5.329545709150993e-06
maintenance_diff_z,0.085175207576444,0.0198960951578078,0.0461788610671406,0.1241715540857475,1.0889078348886163,1.047261708553081,1.1322100896059977,1.860543407036393e-05,12164,first_post_neutral_blue,logistic,match-score HC0 Wald,patch_15.18,estimated,2.7381582216762012e-05
maintenance_diff_z,0.0871646213943588,0.0181164462464626,0.0516563867512919,0.1226728560374257,1.0910762794333666,1.0530138508313185,1.1305145194456276,1.4991183337901012e-06,15091,first_post_neutral_blue,logistic,match-score HC0 Wald,patch_15.19,estimated,2.292769216384861e-06
maintenance_diff_z,0.114698218542791,0.032178417928096,0.0516285194037228,0.1777679176818591,1.121534928051661,1.052984506537218,1.1945480555799477,0.00036462613355,4548,first_post_neutral_blue,logistic,match-score HC0 Wald,patch_15.2,estimated,0.00049035928305
maintenance_diff_z,0.1032034992073267,0.017122366948336,0.0696436599885882,0.1367633384260653,1.1087170091530227,1.072126071761163,1.1465567704793806,1.6660957036719384e-09,16521,first_post_neutral_blue,logistic,match-score HC0 Wald,patch_15.20,estimated,2.7650098912002385e-09
maintenance_diff_z,0.1017256685981348,0.0165260945807995,0.0693345232197676,0.1341168139765019,1.1070797233334984,1.0717946893954464,1.1435263917080034,7.486119117235401e-10,17439,first_post_neutral_blue,logistic,match-score HC0 Wald,patch_15.21,estimated,1.26938541553122e-09
maintenance_diff_z,0.0766077497159875,0.0137012345578134,0.049753329982673,0.1034621694493019,1.0796185126583182,1.051011811296708,1.1090038383455512,2.2537229186839357e-08,25172,first_post_neutral_blue,logistic,match-score HC0 Wald,patch_15.22,estimated,3.6622997428613956e-08
maintenance_diff_z,0.1271577850608068,0.0118999813388171,0.1038338216367252,0.1504817484848885,1.135596183759164,1.1094160786481932,1.162394089456238,1.1894845406231824e-26,34050,first_post_neutral_blue,logistic,match-score HC0 Wald,patch_15.23,estimated,2.1576696318280985e-26
maintenance_diff_z,0.0899275789849065,0.0058531491509593,0.0784554066490261,0.1013997513207868,1.0940950453621905,1.0816151212441083,1.106718965716026,2.8556237930520956e-53,138968,first_post_neutral_blue,logistic,match-score HC0 Wald,patch_15.24,estimated,5.568466396451586e-53
maintenance_diff_z,0.1159155094957505,0.0305380447768424,0.0560609417331392,0.1757700772583618,1.1229009936539698,1.0576621375363653,1.1921639215393764,0.0001471836688026,5176,first_post_neutral_blue,logistic,match-score HC0 Wald,patch_15.3,estimated,0.00020873320302914182
maintenance_diff_z,0.0913854869887982,0.0310312439326115,0.0305642488808795,0.1522067250967168,1.095691298598291,1.0310361308383629,1.1644009224466454,0.0032300600988271,5026,first_post_neutral_blue,logistic,match-score HC0 Wald,patch_15.4,estimated,0.00406362399529861
maintenance_diff_z,0.0337003139875612,0.0357184169330138,-0.0363077832011459,0.1037084111762685,1.0342746026470606,0.9643434390913812,1.1092769549908952,0.3454253926294053,3937,first_post_neutral_blue,logistic,match-score HC0 Wald,patch_15.5,estimated,0.35451553454070545
maintenance_diff_z,0.0698328774417569,0.0334530957852911,0.0042648097025862,0.1354009451809276,1.072328955919944,1.0042739169457695,1.1449957728678626,0.0368442027741695,4254,first_post_neutral_blue,logistic,match-score HC0 Wald,patch_15.6,estimated,0.04115756357400569
maintenance_diff_z,0.0364544654185047,0.0353206755677617,-0.0327740586943082,0.1056829895313178,1.0371270777951,0.9677571912125198,1.1114694731930894,0.3020253247221519,3905,first_post_neutral_blue,logistic,match-score HC0 Wald,patch_15.7,estimated,0.31410633771103796
maintenance_diff_z,0.0773682208620452,0.0323535787947969,0.0139552064242432,0.1407812352998472,1.0804398436456208,1.014053034859708,1.1511727844673072,0.0167872622882221,4433,first_post_neutral_blue,logistic,match-score HC0 Wald,patch_15.8,estimated,0.019839491795171575
maintenance_diff_z,0.1014341809046449,0.0309280702265812,0.0408151632605457,0.1620531985487442,1.1067570702454212,1.0416595507954411,1.1759227970432862,0.0010392480108494,5118,first_post_neutral_blue,logistic,match-score HC0 Wald,patch_15.9,estimated,0.0013739210990890373
maintenance_diff_z,0.0975408950593403,0.0045725202742203,0.0885787553218684,0.1065030347968122,1.1024565256664984,1.0926202988854523,1.112381302291792,5.733346763554359e-101,234473,first_post_neutral_blue,logistic,match-score HC0 Wald,patch_16.1,estimated,1.2086514798844326e-100
maintenance_diff_z,0.0960520173542701,0.004200040761051,0.0878199374626101,0.1042840972459301,1.1008163240574222,1.0917915135775849,1.109915734131765,9.391475939761939e-116,281128,first_post_neutral_blue,logistic,match-score HC0 Wald,patch_16.2,estimated,2.219803403943731e-115
maintenance_diff_z,0.0976490214298832,0.0036221130134107,0.0905496799235981,0.1047483629361684,1.1025757367341142,1.094775894673468,1.1104311495617702,4.458184864757483e-160,371632,first_post_neutral_blue,logistic,match-score HC0 Wald,patch_16.3,estimated,1.448910081046182e-159
maintenance_diff_z,0.0988667766922207,0.0032993712076458,0.0924000091252348,0.1053335442592067,1.1039192219917446,1.09680346573912,1.1110811432945615,2.777495484893536e-197,440223,first_post_neutral_blue,logistic,match-score HC0 Wald,patch_16.4,estimated,9.419332513986775e-197
maintenance_diff_z,0.0866318617492192,0.0038079030463859,0.0791683717783028,0.0940953517201356,1.0904951528360605,1.082386550077105,1.0986645004728028,1.417359341475137e-114,346660,first_post_neutral_blue,logistic,match-score HC0 Wald,patch_16.5,estimated,3.251589077501785e-114
maintenance_diff_z,0.097777901204824,0.0065497083237021,0.0849404728903678,0.1106153295192801,1.1027178456042024,1.0886522604470945,1.1169651606791178,2.147637032185653e-50,128266,first_post_neutral_blue,logistic,match-score HC0 Wald,patch_16.6,estimated,4.085748500255633e-50
maintenance_diff_z,0.0919061688188746,0.0076240629076015,0.0769630055199757,0.1068493321177736,1.0962619537008231,1.0800021215366389,1.1127665836637666,1.830881980265468e-33,85451,first_post_neutral_blue,logistic,match-score HC0 Wald,all_ten_participants_disjoint,estimated,3.4002093919215835e-33
maintenance_diff_z,0.094377196079365,0.0016608084782687,0.0911220114619581,0.0976323806967718,1.0989741965059363,1.0954026487838897,1.1025573892182026,0.0,1773618,first_post_neutral_blue,logistic,match-score HC0 Wald,region_tier_balanced_matches,estimated,0.0
maintenance_diff_z,0.0955304977167006,0.0014899537748877,0.0926101883179207,0.0984508071154806,1.1002423764025644,1.097034015233589,1.103460120672928,0.0,2210921,first_post_neutral_blue,logistic,match-score HC0 Wald,coverage_inverse_probability_weighted,estimated,0.0
maintenance_diff_z,0.0670136207316227,0.0021569218929378,0.0627860538214645,0.0712411876417809,1.0693100428605244,1.064799005181995,1.073840191620899,6.299888707285735e-212,1375143,underdog_win,logistic,match-score HC0 Wald,exploratory_comeback_1000,estimated,2.233596905310397e-211
maintenance_diff_z,0.0664768148046897,0.0026462131497553,0.0612902370311693,0.0716633925782101,1.068736184930737,1.0632074515848051,1.0742936679739787,2.8968596040360968e-139,1022137,underdog_win,logistic,match-score HC0 Wald,exploratory_comeback_1500,estimated,7.79155341775226e-139
maintenance_diff_z,0.0706778496742989,0.003358271785725,0.0640956369742779,0.07726006237432,1.0732354270293722,1.066194361488449,1.0803229912254584,2.4934298355947462e-98,730030,underdog_win,logistic,match-score HC0 Wald,exploratory_comeback_2000,estimated,5.118092820431321e-98
maintenance_diff_z,0.096543749432184,0.0014838426726906,0.0936354177937104,0.0994520810706577,1.101357763866604,1.0981593035827768,1.1045655398737089,0.0,2210949,first_post_neutral_blue,logistic,match-score HC0 Wald,strict_nominal_10min_earlier_state_frame,estimated,0.0
maintenance_diff_z,0.1011768246461231,0.0017107578273226,0.0978237393045707,0.1045299099876756,1.1064722760350882,1.102768393253297,1.110188599096947,0.0,2080676,first_post_neutral_blue,logistic,match-score HC0 Wald,window_0_15,estimated,0.0
