region,tier,n_matches,mean_duration,mean_maintenance_difference,mean_absolute_gold_difference,first_game,last_game,sample,sample_fraction
EUW1,BRONZE,114534,1877.8858242967153,-0.005672180508389938,1597.5662074143922,2024-06-05 12:01:56.572000+00:00,2026-03-22 09:54:09.648000+00:00,all_primary_outcomes,0.05180375056367912
EUW1,DIAMOND,107918,1744.5835171148465,-0.0014869847423065494,1641.3541763190572,2024-06-30 23:05:41.182000+00:00,2026-03-30 22:59:11.395000+00:00,all_primary_outcomes,0.04881133247185223
EUW1,EMERALD,106202,1792.4432496563154,-0.005447679135222678,1615.2305606297434,2024-06-19 11:27:45.027000+00:00,2026-03-30 22:22:51.701000+00:00,all_primary_outcomes,0.04803518533678951
EUW1,GOLD,114413,1860.2427958361375,0.0016332487154143208,1584.7856100268327,2024-06-09 22:42:09.831000+00:00,2026-03-30 02:56:37.034000+00:00,all_primary_outcomes,0.0517490222400529
EUW1,IRON,95340,1830.6475351374029,-0.01664265828211371,1692.7651248164464,2024-05-29 18:28:45.999000+00:00,2026-03-30 04:42:11.362000+00:00,all_primary_outcomes,0.043122300615897176
EUW1,PLATINUM,106732,1833.100204249897,-0.0015682677717580966,1589.647359742158,2024-06-26 21:26:49.814000+00:00,2026-03-30 01:22:52.379000+00:00,all_primary_outcomes,0.048274904440276246
EUW1,SILVER,109533,1881.2831658039129,-0.0007865104334271477,1576.4720221303169,2024-06-12 09:09:00.679000+00:00,2026-03-28 15:42:53.798000+00:00,all_primary_outcomes,0.04954179728719389
KR,BRONZE,114818,1768.0209461931056,0.008145626818385193,1683.3317859569056,2024-06-04 05:29:05.683000+00:00,2026-03-22 20:59:03.047000+00:00,all_primary_outcomes,0.05193220381913239
KR,DIAMOND,107434,1654.8308356758569,0.0021891590067425,1699.167656421617,2024-07-12 14:25:30.420000+00:00,2026-03-30 21:33:20.592000+00:00,all_primary_outcomes,0.04859241917734736
KR,EMERALD,105944,1692.4669164841803,0.0003420134270609171,1684.2465831005059,2024-06-17 06:14:53.484000+00:00,2026-03-30 18:19:47.936000+00:00,all_primary_outcomes,0.04791849188641295
KR,GOLD,113877,1752.328793347208,0.017980663215290526,1661.3434231671013,2024-06-18 10:05:57.391000+00:00,2026-03-29 10:19:51.999000+00:00,all_primary_outcomes,0.05150658933539461
KR,IRON,97878,1731.9143116941498,-0.016527602364859204,1790.2474815586752,2024-06-01 01:52:05.104000+00:00,2026-03-13 14:56:01.910000+00:00,all_primary_outcomes,0.044270238511461966
KR,PLATINUM,106095,1729.173354069466,0.005956350767811963,1663.373853621754,2024-06-07 09:18:20.165000+00:00,2026-03-30 05:06:07.606000+00:00,all_primary_outcomes,0.047986789215896906
KR,SILVER,108559,1768.01509778093,0.01649687120500942,1668.1394172753987,2024-06-07 15:12:57.848000+00:00,2026-03-24 09:51:40.375000+00:00,all_primary_outcomes,0.0491012568970126
NA1,BRONZE,110640,1860.183143528561,0.006292348819862483,1580.147921185828,2024-05-29 08:29:43.617000+00:00,2026-03-21 19:03:37.868000+00:00,all_primary_outcomes,0.050042493603344486
NA1,DIAMOND,99888,1740.8015277110364,-0.006473558195233544,1636.0855858561588,2024-07-03 21:41:00.775000+00:00,2026-03-28 20:48:44.384000+00:00,all_primary_outcomes,0.045179361903930536
NA1,EMERALD,97895,1786.7946984013483,-0.0019339104775925897,1597.9639511721743,2024-06-21 14:41:00.248000+00:00,2026-03-28 19:59:35.748000+00:00,all_primary_outcomes,0.04427792761478135
NA1,GOLD,110211,1847.1012966037872,-0.0013201003699352424,1564.5492464454546,2024-05-28 04:55:15.437000+00:00,2026-03-27 04:17:17.399000+00:00,all_primary_outcomes,0.04984845681957881
NA1,IRON,84458,1819.5459873546615,-0.010540771998706813,1681.7938383575267,2024-05-30 02:06:03.654000+00:00,2026-03-23 07:03:38.042000+00:00,all_primary_outcomes,0.038200369891099685
NA1,PLATINUM,97043,1824.6884370845914,-0.0013974753591596701,1580.9578331255216,2024-06-12 06:36:03.752000+00:00,2026-03-28 07:04:54.038000+00:00,all_primary_outcomes,0.04389256784842154
NA1,SILVER,101509,1866.1311115270566,-0.00048331945461790166,1553.3979745638317,2024-06-12 17:51:43.670000+00:00,2026-03-25 22:58:11.249000+00:00,all_primary_outcomes,0.045912540520443745
EUW1,BRONZE,5245,1880.050905624404,0.0003073337341046491,1600.1458531935177,2024-06-05 18:27:19.789000+00:00,2026-03-10 15:10:02.199000+00:00,all_participants_disjoint,0.06138020620004447
EUW1,DIAMOND,3148,1745.1594663278272,-0.015334307698415662,1632.4764930114359,2024-08-09 12:08:55.456000+00:00,2026-03-30 17:38:02.068000+00:00,all_participants_disjoint,0.03683982633322021
EUW1,EMERALD,4154,1792.2154549831487,-0.030773709517357115,1589.1747713047664,2024-08-03 21:23:38.802000+00:00,2026-03-29 16:24:25.507000+00:00,all_participants_disjoint,0.048612655205907476
EUW1,GOLD,5574,1866.459275206315,-0.004995938964172357,1560.6686401148188,2024-06-30 08:37:29.410000+00:00,2026-03-22 16:55:48.990000+00:00,all_participants_disjoint,0.06523036594071456
EUW1,IRON,3536,1827.5039592760181,-0.050277044528877074,1686.1317873303167,2024-05-29 19:47:54.086000+00:00,2026-03-11 12:18:05.993000+00:00,all_participants_disjoint,0.04138044025230834
EUW1,PLATINUM,5028,1830.250198886237,-0.014557864654037576,1598.950875099443,2024-07-10 23:55:18.061000+00:00,2026-03-28 20:30:14.592000+00:00,all_participants_disjoint,0.058840739137049305
EUW1,SILVER,5403,1868.7334813992227,0.002665651899341814,1589.6255783823801,2024-06-12 12:19:15.149000+00:00,2026-03-17 01:07:03.085000+00:00,all_participants_disjoint,0.06322921908462159
KR,BRONZE,5230,1763.7434034416826,-0.0012987434350621421,1690.9837476099426,2024-06-13 08:03:12.206000+00:00,2026-03-16 15:24:55.462000+00:00,all_participants_disjoint,0.061204667002141576
KR,DIAMOND,2911,1654.553761593954,-0.016256799284109058,1682.6739951906561,2024-07-30 08:28:49.919000+00:00,2026-03-30 12:37:54.492000+00:00,all_participants_disjoint,0.03406630700635452
KR,EMERALD,4065,1693.7776137761377,0.021101953563982617,1675.0651906519065,2024-07-10 10:46:34.156000+00:00,2026-03-29 12:54:24.310000+00:00,all_participants_disjoint,0.04757112263168366
KR,GOLD,5417,1745.1528521321766,0.013974800100933077,1656.7908436403914,2024-07-04 05:10:55.634000+00:00,2026-03-22 15:36:02.468000+00:00,all_participants_disjoint,0.06339305566933096
KR,IRON,3506,1725.1591557330291,9.12084701975291e-05,1827.5852823730747,2024-06-05 03:32:48.898000+00:00,2026-03-11 16:19:33.360000+00:00,all_participants_disjoint,0.04102936185650256
KR,PLATINUM,4862,1744.3545865898807,-0.009580009677711472,1652.8473879062115,2024-06-07 09:18:20.165000+00:00,2026-03-28 16:19:10.312000+00:00,all_participants_disjoint,0.056898105346923966
KR,SILVER,5276,1758.5799848369977,0.024497172296182774,1673.3273313115997,2024-06-19 17:34:59.164000+00:00,2026-03-20 15:19:56.523000+00:00,all_participants_disjoint,0.06174298720904378
NA1,BRONZE,4123,1863.2488479262672,0.009683936621381214,1593.6010186757217,2024-06-05 04:54:07.664000+00:00,2026-03-14 15:25:00.266000+00:00,all_participants_disjoint,0.04824987419690817
NA1,DIAMOND,1580,1750.3006329113923,0.05368178401551341,1626.6151898734176,2024-07-15 08:02:03.370000+00:00,2026-03-28 13:02:28.795000+00:00,all_participants_disjoint,0.01849012884577126
NA1,EMERALD,2343,1777.113956466069,-0.04619601979712179,1624.7349551856594,2024-07-10 21:15:08.565000+00:00,2026-03-27 19:18:10.808000+00:00,all_participants_disjoint,0.027419222712431687
NA1,GOLD,4429,1843.10453827049,-0.008862196137117431,1571.3278392413638,2024-06-30 09:10:16.837000+00:00,2026-03-23 06:10:28.150000+00:00,all_participants_disjoint,0.05183087383412716
NA1,IRON,1982,1796.6559031281533,0.008516091920984339,1713.821897073663,2024-06-02 14:00:34.306000+00:00,2026-03-14 06:54:00.642000+00:00,all_participants_disjoint,0.02319457934956876
NA1,PLATINUM,3322,1812.1315472606864,0.017219929499268375,1593.5051173991571,2024-07-02 00:30:34.647000+00:00,2026-03-25 23:16:13.284000+00:00,all_participants_disjoint,0.038876081028893755
NA1,SILVER,4317,1857.8971507991662,-0.009982617374196414,1576.0236275191105,2024-06-15 18:59:40.901000+00:00,2026-03-22 02:47:28.335000+00:00,all_participants_disjoint,0.05052018115645224
