predictor,beta,se,ci_low,ci_high,odds_ratio,or_low,or_high,p_value,n_matches,outcome,model,interval_method,specification,status,q_value_within_sensitivity_family,patch
maintenance_diff_z,0.1139487384081967,0.0526717147579052,0.0107121774827025,0.217185299333691,1.120694674818718,1.010769758277473,1.242574329001889,0.0305122503288939,1757,first_post_neutral_blue,logistic,match-score HC0 Wald,patch_14.13,estimated,0.0355217242634884,14.13
maintenance_diff_z,0.101041157392412,0.0556612497340228,-0.0080548920862726,0.2101372068710967,1.1063221741622755,0.9919774616301448,1.233847340676264,0.0694797761535484,1570,first_post_neutral_blue,logistic,match-score HC0 Wald,patch_14.14,estimated,0.0742386649311887,14.14
maintenance_diff_z,0.10919727029682,0.0546049311832842,0.0021716051775828,0.2162229354160572,1.1153823604493185,1.0021739648198678,1.241379095519714,0.0455251706143735,1603,first_post_neutral_blue,logistic,match-score HC0 Wald,patch_14.15,estimated,0.050013567717199,14.15
maintenance_diff_z,0.0332211982116836,0.0550089186695774,-0.0745962823806881,0.1410386788040555,1.0337791840592503,0.9281181083358496,1.1514691845743936,0.5458942681877049,1655,first_post_neutral_blue,logistic,match-score HC0 Wald,patch_14.16,estimated,0.5458942681877049,14.16
maintenance_diff_z,-0.0437582738859887,0.0551495081910195,-0.151851309940387,0.0643347621684096,0.9571853061948616,0.859116013255836,1.0664493459075066,0.4275167812956826,1635,first_post_neutral_blue,logistic,match-score HC0 Wald,patch_14.17,estimated,0.4330689472865356,14.17
maintenance_diff_z,0.0929928161353045,0.0467874786057733,0.0012893580679886,0.1846962742026203,1.0974538512797862,1.0012901896474653,1.202853047139993,0.0468606219353944,2041,first_post_neutral_blue,logistic,match-score HC0 Wald,patch_14.18,estimated,0.0507656737633439,14.18
maintenance_diff_z,0.0815168281705715,0.0483141296503599,-0.0131788659441339,0.1762125222852771,1.0849314748422982,0.9869075950735005,1.192691505242516,0.0915600133733532,2172,first_post_neutral_blue,logistic,match-score HC0 Wald,patch_14.19,estimated,0.0965092032854263,14.19
maintenance_diff_z,0.1331566299307038,0.0489485768885254,0.0372174192291938,0.2290958406322137,1.142428922881083,1.0379186597831214,1.2574625492405629,0.0065215394580385,2112,first_post_neutral_blue,logistic,match-score HC0 Wald,patch_14.20,estimated,0.0080742869480476,14.20
maintenance_diff_z,0.0930633706888793,0.0446033116982961,0.0056408797602189,0.1804858616175397,1.0975312843779288,1.0056568194797064,1.1977991864177615,0.0369362750023128,2404,first_post_neutral_blue,logistic,match-score HC0 Wald,patch_14.21,estimated,0.0411575635740056,14.21
maintenance_diff_z,0.1190015517401843,0.0401276278856096,0.0403514010843894,0.1976517023959792,1.1263716661231735,1.0411765804956852,1.2185379060688082,0.0030211616097693,3089,first_post_neutral_blue,logistic,match-score HC0 Wald,patch_14.22,estimated,0.0038631246813443,14.22
maintenance_diff_z,0.0643737938421841,0.0301013298039338,0.0053751874264737,0.1233724002578945,1.0664909720228362,1.005389659665121,1.1313056410238636,0.0324705282660878,5224,first_post_neutral_blue,logistic,match-score HC0 Wald,patch_14.23,estimated,0.0372456059522771,14.23
maintenance_diff_z,0.1379752939474711,0.0255285950717757,0.0879392476067907,0.1880113402881515,1.1479471886802848,1.0919217831515713,1.2068472012670213,6.490424048849132e-08,7638,first_post_neutral_blue,logistic,match-score HC0 Wald,patch_14.24,estimated,1.033169542469862e-07,14.24
maintenance_diff_z,0.0923937608476548,0.0289919841742901,0.0355694718660461,0.1492180498292635,1.0967966126280253,1.036209633044395,1.16092610135074,0.001438200944961,5537,first_post_neutral_blue,logistic,match-score HC0 Wald,patch_15.1,estimated,0.0018696612284493,15.1
maintenance_diff_z,0.114698218542791,0.032178417928096,0.0516285194037228,0.1777679176818591,1.121534928051661,1.052984506537218,1.1945480555799477,0.00036462613355,4548,first_post_neutral_blue,logistic,match-score HC0 Wald,patch_15.2,estimated,0.00049035928305,15.2
maintenance_diff_z,0.1159155094957505,0.0305380447768424,0.0560609417331392,0.1757700772583618,1.1229009936539698,1.0576621375363653,1.1921639215393764,0.0001471836688026,5176,first_post_neutral_blue,logistic,match-score HC0 Wald,patch_15.3,estimated,0.0002087332030291,15.3
maintenance_diff_z,0.0913854869887982,0.0310312439326115,0.0305642488808795,0.1522067250967168,1.095691298598291,1.0310361308383629,1.1644009224466454,0.0032300600988271,5026,first_post_neutral_blue,logistic,match-score HC0 Wald,patch_15.4,estimated,0.0040636239952986,15.4
maintenance_diff_z,0.0337003139875612,0.0357184169330138,-0.0363077832011459,0.1037084111762685,1.0342746026470606,0.9643434390913812,1.1092769549908952,0.3454253926294053,3937,first_post_neutral_blue,logistic,match-score HC0 Wald,patch_15.5,estimated,0.3545155345407054,15.5
maintenance_diff_z,0.0698328774417569,0.0334530957852911,0.0042648097025862,0.1354009451809276,1.072328955919944,1.0042739169457695,1.1449957728678626,0.0368442027741695,4254,first_post_neutral_blue,logistic,match-score HC0 Wald,patch_15.6,estimated,0.0411575635740056,15.6
maintenance_diff_z,0.0364544654185047,0.0353206755677617,-0.0327740586943082,0.1056829895313178,1.0371270777951,0.9677571912125198,1.1114694731930894,0.3020253247221519,3905,first_post_neutral_blue,logistic,match-score HC0 Wald,patch_15.7,estimated,0.3141063377110379,15.7
maintenance_diff_z,0.0773682208620452,0.0323535787947969,0.0139552064242432,0.1407812352998472,1.0804398436456208,1.014053034859708,1.1511727844673072,0.0167872622882221,4433,first_post_neutral_blue,logistic,match-score HC0 Wald,patch_15.8,estimated,0.0198394917951715,15.8
maintenance_diff_z,0.1014341809046449,0.0309280702265812,0.0408151632605457,0.1620531985487442,1.1067570702454212,1.0416595507954411,1.1759227970432862,0.0010392480108494,5118,first_post_neutral_blue,logistic,match-score HC0 Wald,patch_15.9,estimated,0.001373921099089,15.9
maintenance_diff_z,0.1412253290228897,0.0292136360568495,0.0839666023514646,0.1984840556943148,1.1516841266085402,1.0875925701678593,1.2195525823400604,1.3366443603831526e-06,5707,first_post_neutral_blue,logistic,match-score HC0 Wald,patch_15.10,estimated,2.085165202197718e-06,15.10
maintenance_diff_z,0.0698372281013592,0.027081841413101,0.0167568189316811,0.1229176372710373,1.0723336212683616,1.016898001912162,1.130791282056078,0.009915926666923,6272,first_post_neutral_blue,logistic,match-score HC0 Wald,patch_15.11,estimated,0.0120850356253124,15.11
maintenance_diff_z,0.0622982319122511,0.0249473539592161,0.0134014181521874,0.1111950456723149,1.0642796995729842,1.013491619648688,1.1176128711511124,0.0125182584546565,7700,first_post_neutral_blue,logistic,match-score HC0 Wald,patch_15.12,estimated,0.0150219101455878,15.12
maintenance_diff_z,0.1296226211733624,0.020172870588729,0.0900837948194533,0.1691614475272714,1.1383986946883773,1.094265973683283,1.184311327625447,1.313579197511442e-10,11660,first_post_neutral_blue,logistic,match-score HC0 Wald,patch_15.13,estimated,2.2768706090198328e-10,15.13
maintenance_diff_z,0.0808664044791844,0.0216913907637171,0.0383512785822988,0.12338153037607,1.0842260391484428,1.039096181008851,1.1313159700252111,0.0001929736230203,10370,first_post_neutral_blue,logistic,match-score HC0 Wald,patch_15.14,estimated,0.0002687846892068,15.14
maintenance_diff_z,0.0920206780160746,0.0222814847632828,0.0483489678800404,0.135692388152109,1.0963874929646251,1.0495368460745484,1.1453295224700228,3.628945555195395e-05,9803,first_post_neutral_blue,logistic,match-score HC0 Wald,patch_15.15,estimated,5.241810246393348e-05,15.15
maintenance_diff_z,0.0799725849109688,0.0215632749950625,0.0377085659206462,0.1222366039012913,1.0832573696706405,1.03842855530537,1.1300214376334057,0.000208293005696,10695,first_post_neutral_blue,logistic,match-score HC0 Wald,patch_15.16,estimated,0.0002850325341103,15.16
maintenance_diff_z,0.0966772047141405,0.0208538097337152,0.0558037376360585,0.1375506717922224,1.1015047556857147,1.0573901374825276,1.1474598483459897,3.5530304727673285e-06,10964,first_post_neutral_blue,logistic,match-score HC0 Wald,patch_15.17,estimated,5.329545709150993e-06,15.17
maintenance_diff_z,0.085175207576444,0.0198960951578078,0.0461788610671406,0.1241715540857475,1.0889078348886163,1.047261708553081,1.1322100896059977,1.860543407036393e-05,12164,first_post_neutral_blue,logistic,match-score HC0 Wald,patch_15.18,estimated,2.738158221676201e-05,15.18
maintenance_diff_z,0.0871646213943588,0.0181164462464626,0.0516563867512919,0.1226728560374257,1.0910762794333666,1.0530138508313185,1.1305145194456276,1.4991183337901012e-06,15091,first_post_neutral_blue,logistic,match-score HC0 Wald,patch_15.19,estimated,2.292769216384861e-06,15.19
maintenance_diff_z,0.1032034992073267,0.017122366948336,0.0696436599885882,0.1367633384260653,1.1087170091530227,1.072126071761163,1.1465567704793806,1.666095703671938e-09,16521,first_post_neutral_blue,logistic,match-score HC0 Wald,patch_15.20,estimated,2.765009891200238e-09,15.20
maintenance_diff_z,0.1017256685981348,0.0165260945807995,0.0693345232197676,0.1341168139765019,1.1070797233334984,1.0717946893954464,1.1435263917080034,7.486119117235401e-10,17439,first_post_neutral_blue,logistic,match-score HC0 Wald,patch_15.21,estimated,1.26938541553122e-09,15.21
maintenance_diff_z,0.0766077497159875,0.0137012345578134,0.049753329982673,0.1034621694493019,1.0796185126583182,1.051011811296708,1.1090038383455512,2.2537229186839363e-08,25172,first_post_neutral_blue,logistic,match-score HC0 Wald,patch_15.22,estimated,3.662299742861396e-08,15.22
maintenance_diff_z,0.1271577850608068,0.0118999813388171,0.1038338216367252,0.1504817484848885,1.135596183759164,1.1094160786481932,1.162394089456238,1.1894845406231824e-26,34050,first_post_neutral_blue,logistic,match-score HC0 Wald,patch_15.23,estimated,2.1576696318280982e-26,15.23
maintenance_diff_z,0.0899275789849065,0.0058531491509593,0.0784554066490261,0.1013997513207868,1.0940950453621905,1.0816151212441083,1.106718965716026,2.8556237930520956e-53,138968,first_post_neutral_blue,logistic,match-score HC0 Wald,patch_15.24,estimated,5.568466396451586e-53,15.24
maintenance_diff_z,0.0975408950593403,0.0045725202742203,0.0885787553218684,0.1065030347968122,1.1024565256664984,1.0926202988854523,1.112381302291792,5.733346763554359e-101,234473,first_post_neutral_blue,logistic,match-score HC0 Wald,patch_16.1,estimated,1.2086514798844326e-100,16.1
maintenance_diff_z,0.0960520173542701,0.004200040761051,0.0878199374626101,0.1042840972459301,1.1008163240574222,1.0917915135775849,1.109915734131765,9.391475939761939e-116,281128,first_post_neutral_blue,logistic,match-score HC0 Wald,patch_16.2,estimated,2.219803403943731e-115,16.2
maintenance_diff_z,0.0976490214298832,0.0036221130134107,0.0905496799235981,0.1047483629361684,1.1025757367341142,1.094775894673468,1.1104311495617702,4.458184864757483e-160,371632,first_post_neutral_blue,logistic,match-score HC0 Wald,patch_16.3,estimated,1.448910081046182e-159,16.3
maintenance_diff_z,0.0988667766922207,0.0032993712076458,0.0924000091252348,0.1053335442592067,1.1039192219917446,1.09680346573912,1.1110811432945615,2.777495484893536e-197,440223,first_post_neutral_blue,logistic,match-score HC0 Wald,patch_16.4,estimated,9.419332513986777e-197,16.4
maintenance_diff_z,0.0866318617492192,0.0038079030463859,0.0791683717783028,0.0940953517201356,1.0904951528360605,1.082386550077105,1.0986645004728028,1.417359341475137e-114,346660,first_post_neutral_blue,logistic,match-score HC0 Wald,patch_16.5,estimated,3.251589077501785e-114,16.5
maintenance_diff_z,0.097777901204824,0.0065497083237021,0.0849404728903678,0.1106153295192801,1.1027178456042024,1.0886522604470945,1.1169651606791178,2.147637032185653e-50,128266,first_post_neutral_blue,logistic,match-score HC0 Wald,patch_16.6,estimated,4.085748500255633e-50,16.6
