measure,contrast,percentile,quantile_region_A,quantile_region_B,quantile_difference,uncertainty
maintenance,EUW-NA,1,-1.0983014803976183,-1.1098263355169609,0.0115248551193425,descriptive; no pointwise inference
maintenance,EUW-NA,2,-0.9021315617553776,-0.9252877086687444,0.0231561469133668,descriptive; no pointwise inference
maintenance,EUW-NA,3,-0.7903985779500856,-0.8171909281762856,0.0267923502261999,descriptive; no pointwise inference
maintenance,EUW-NA,4,-0.7217101806991092,-0.7469002902149682,0.0251901095158589,descriptive; no pointwise inference
maintenance,EUW-NA,5,-0.6688193431657652,-0.6998953782588717,0.0310760350931065,descriptive; no pointwise inference
maintenance,EUW-NA,6,-0.633385844415471,-0.6606132035298925,0.0272273591144215,descriptive; no pointwise inference
maintenance,EUW-NA,7,-0.6020497181698091,-0.6285991159470027,0.0265493977771935,descriptive; no pointwise inference
maintenance,EUW-NA,8,-0.5758434252477772,-0.6017924930966427,0.0259490678488655,descriptive; no pointwise inference
maintenance,EUW-NA,9,-0.5531688819417091,-0.5780808148099119,0.0249119328682028,descriptive; no pointwise inference
maintenance,EUW-NA,10,-0.5344316892319437,-0.5589292782583486,0.0244975890264048,descriptive; no pointwise inference
maintenance,EUW-NA,11,-0.5173375804513946,-0.541737177942902,0.0243995974915074,descriptive; no pointwise inference
maintenance,EUW-NA,12,-0.5010983777267003,-0.5249294353690622,0.0238310576423619,descriptive; no pointwise inference
maintenance,EUW-NA,13,-0.4860749422686279,-0.5078017442655745,0.0217268019969464,descriptive; no pointwise inference
maintenance,EUW-NA,14,-0.4718671247066818,-0.4935599004654042,0.0216927757587223,descriptive; no pointwise inference
maintenance,EUW-NA,15,-0.4594697052853667,-0.4795928792260803,0.0201231739407136,descriptive; no pointwise inference
maintenance,EUW-NA,16,-0.4476233233368216,-0.4673178554179557,0.019694532081134,descriptive; no pointwise inference
maintenance,EUW-NA,17,-0.4354024582011343,-0.4566939089215502,0.0212914507204158,descriptive; no pointwise inference
maintenance,EUW-NA,18,-0.4231848542312207,-0.4461172338200828,0.022932379588862,descriptive; no pointwise inference
maintenance,EUW-NA,19,-0.4128129565969029,-0.4361006708553549,0.0232877142584519,descriptive; no pointwise inference
maintenance,EUW-NA,20,-0.4025733654278886,-0.4257275019088553,0.0231541364809667,descriptive; no pointwise inference
maintenance,EUW-NA,21,-0.3927616082669598,-0.4151740217239684,0.0224124134570085,descriptive; no pointwise inference
maintenance,EUW-NA,22,-0.3829078003567018,-0.4048242436247105,0.0219164432680087,descriptive; no pointwise inference
maintenance,EUW-NA,23,-0.3737173154891593,-0.3949170053273567,0.0211996898381973,descriptive; no pointwise inference
maintenance,EUW-NA,24,-0.3646656692842605,-0.3857799750093061,0.0211143057250456,descriptive; no pointwise inference
maintenance,EUW-NA,25,-0.3550840756587715,-0.3769407903095514,0.0218567146507798,descriptive; no pointwise inference
maintenance,EUW-NA,26,-0.3461812433963601,-0.3680151921388641,0.021833948742504,descriptive; no pointwise inference
maintenance,EUW-NA,27,-0.3373911173591744,-0.3591777974397846,0.0217866800806101,descriptive; no pointwise inference
maintenance,EUW-NA,28,-0.3288972372565482,-0.3509146439068786,0.0220174066503304,descriptive; no pointwise inference
maintenance,EUW-NA,29,-0.3201644467979754,-0.3425606109290072,0.0223961641310317,descriptive; no pointwise inference
maintenance,EUW-NA,30,-0.311814944851241,-0.3342681151478928,0.0224531702966517,descriptive; no pointwise inference
maintenance,EUW-NA,31,-0.3026798208181114,-0.3260785220173939,0.0233987011992825,descriptive; no pointwise inference
maintenance,EUW-NA,32,-0.2942140115510791,-0.3182641292897904,0.0240501177387112,descriptive; no pointwise inference
maintenance,EUW-NA,33,-0.2858161033024685,-0.3096144047343186,0.0237983014318501,descriptive; no pointwise inference
maintenance,EUW-NA,34,-0.2777494438992702,-0.3012307330102545,0.0234812891109842,descriptive; no pointwise inference
maintenance,EUW-NA,35,-0.2692910792190611,-0.2927130422082805,0.0234219629892193,descriptive; no pointwise inference
maintenance,EUW-NA,36,-0.2613497167140678,-0.2854891470392995,0.0241394303252316,descriptive; no pointwise inference
maintenance,EUW-NA,37,-0.2523989405686885,-0.2782255834864903,0.0258266429178017,descriptive; no pointwise inference
maintenance,EUW-NA,38,-0.2443935525879633,-0.2707890527140794,0.026395500126116,descriptive; no pointwise inference
maintenance,EUW-NA,39,-0.2362323469900373,-0.2634331921750292,0.0272008451849918,descriptive; no pointwise inference
maintenance,EUW-NA,40,-0.2287599494078336,-0.255791834674589,0.0270318852667553,descriptive; no pointwise inference
maintenance,EUW-NA,41,-0.2204010828397192,-0.2477222772271737,0.0273211943874544,descriptive; no pointwise inference
maintenance,EUW-NA,42,-0.2120970964357437,-0.2396940789467724,0.0275969825110287,descriptive; no pointwise inference
maintenance,EUW-NA,43,-0.2043590239267217,-0.2314175857971952,0.0270585618704735,descriptive; no pointwise inference
maintenance,EUW-NA,44,-0.1968719873955381,-0.2232278863123085,0.0263558989167704,descriptive; no pointwise inference
maintenance,EUW-NA,45,-0.1887183351013746,-0.2155009737072317,0.0267826386058571,descriptive; no pointwise inference
maintenance,EUW-NA,46,-0.1798697353955672,-0.2075706635483376,0.0277009281527703,descriptive; no pointwise inference
maintenance,EUW-NA,47,-0.1717144481888831,-0.199603427291802,0.0278889791029189,descriptive; no pointwise inference
maintenance,EUW-NA,48,-0.1634996664333692,-0.1921938105478536,0.0286941441144844,descriptive; no pointwise inference
maintenance,EUW-NA,49,-0.1545268193178141,-0.1843278298363905,0.0298010105185763,descriptive; no pointwise inference
maintenance,EUW-NA,50,-0.1462332224620858,-0.1759931904708687,0.0297599680087828,descriptive; no pointwise inference
maintenance,EUW-NA,51,-0.1371405650520771,-0.1670272087366051,0.029886643684528,descriptive; no pointwise inference
maintenance,EUW-NA,52,-0.1288771690954739,-0.1587464682879239,0.0298692991924499,descriptive; no pointwise inference
maintenance,EUW-NA,53,-0.120438650727755,-0.1497357564130162,0.0292971056852611,descriptive; no pointwise inference
maintenance,EUW-NA,54,-0.1120719173306206,-0.1403016334338204,0.0282297161031997,descriptive; no pointwise inference
maintenance,EUW-NA,55,-0.1033433347054032,-0.1316058453355381,0.0282625106301349,descriptive; no pointwise inference
maintenance,EUW-NA,56,-0.0944693438626123,-0.1223509286253654,0.0278815847627531,descriptive; no pointwise inference
maintenance,EUW-NA,57,-0.084865048016858,-0.1130814293810484,0.0282163813641903,descriptive; no pointwise inference
maintenance,EUW-NA,58,-0.0750129970765506,-0.1038508029247913,0.0288378058482407,descriptive; no pointwise inference
maintenance,EUW-NA,59,-0.0657396087239427,-0.0953440376837433,0.0296044289598006,descriptive; no pointwise inference
maintenance,EUW-NA,60,-0.056676262159192,-0.0864996936863382,0.0298234315271461,descriptive; no pointwise inference
maintenance,EUW-NA,61,-0.0462681411457641,-0.0771691363837455,0.0309009952379813,descriptive; no pointwise inference
maintenance,EUW-NA,62,-0.0363251124067162,-0.068369360446328,0.0320442480396118,descriptive; no pointwise inference
maintenance,EUW-NA,63,-0.0262049514878205,-0.0590529797785118,0.0328480282906913,descriptive; no pointwise inference
maintenance,EUW-NA,64,-0.0165294019092915,-0.0493716017962069,0.0328421998869154,descriptive; no pointwise inference
maintenance,EUW-NA,65,-0.0067854217586221,-0.0401535627836449,0.0333681410250228,descriptive; no pointwise inference
maintenance,EUW-NA,66,0.0040661327663513,-0.0297489537589152,0.0338150865252666,descriptive; no pointwise inference
maintenance,EUW-NA,67,0.0151542064460243,-0.0196145087155441,0.0347687151615684,descriptive; no pointwise inference
maintenance,EUW-NA,68,0.0262193679193098,-0.0084323115656879,0.0346516794849978,descriptive; no pointwise inference
maintenance,EUW-NA,69,0.03779228725262,0.0020497894601879,0.035742497792432,descriptive; no pointwise inference
maintenance,EUW-NA,70,0.0494308121938881,0.0134722914062876,0.0359585207876004,descriptive; no pointwise inference
maintenance,EUW-NA,71,0.0611520793822274,0.0244594166943053,0.036692662687922,descriptive; no pointwise inference
maintenance,EUW-NA,72,0.0735200772236074,0.036249764059152,0.0372703131644554,descriptive; no pointwise inference
maintenance,EUW-NA,73,0.0863414816299038,0.0477070715423832,0.0386344100875205,descriptive; no pointwise inference
maintenance,EUW-NA,74,0.0988657045465905,0.0598715283334817,0.0389941762131087,descriptive; no pointwise inference
maintenance,EUW-NA,75,0.1120813717196212,0.0716722426793017,0.0404091290403194,descriptive; no pointwise inference
maintenance,EUW-NA,76,0.1271516435844054,0.0844442780530691,0.0427073655313362,descriptive; no pointwise inference
maintenance,EUW-NA,77,0.1419029804173382,0.0974242408275315,0.0444787395898067,descriptive; no pointwise inference
maintenance,EUW-NA,78,0.1555993608845514,0.1119020725524575,0.0436972883320938,descriptive; no pointwise inference
maintenance,EUW-NA,79,0.1704519015498034,0.1267171969458009,0.0437347046040024,descriptive; no pointwise inference
maintenance,EUW-NA,80,0.1868164272999632,0.1407310846130679,0.0460853426868952,descriptive; no pointwise inference
maintenance,EUW-NA,81,0.203612568111092,0.1559058695001863,0.0477066986109056,descriptive; no pointwise inference
maintenance,EUW-NA,82,0.2210762591758782,0.1713482886622277,0.0497279705136504,descriptive; no pointwise inference
maintenance,EUW-NA,83,0.2389265109366858,0.1865197195639344,0.0524067913727513,descriptive; no pointwise inference
maintenance,EUW-NA,84,0.258866750598947,0.2032994811986156,0.0555672694003313,descriptive; no pointwise inference
maintenance,EUW-NA,85,0.2800972939527861,0.2224148013092936,0.0576824926434924,descriptive; no pointwise inference
maintenance,EUW-NA,86,0.3020387102668525,0.2424454712174067,0.0595932390494458,descriptive; no pointwise inference
maintenance,EUW-NA,87,0.3247776416398243,0.2660517826620779,0.0587258589777464,descriptive; no pointwise inference
maintenance,EUW-NA,88,0.3501732500509817,0.288525824613106,0.0616474254378757,descriptive; no pointwise inference
maintenance,EUW-NA,89,0.3784250274281568,0.3115731391117969,0.0668518883163599,descriptive; no pointwise inference
maintenance,EUW-NA,90,0.4090132732348309,0.339238330068442,0.0697749431663888,descriptive; no pointwise inference
maintenance,EUW-NA,91,0.4439394329839013,0.3709756043095647,0.0729638286743366,descriptive; no pointwise inference
maintenance,EUW-NA,92,0.4866186473207807,0.4049945202601891,0.0816241270605916,descriptive; no pointwise inference
maintenance,EUW-NA,93,0.5341541151081731,0.4459586965321864,0.0881954185759866,descriptive; no pointwise inference
maintenance,EUW-NA,94,0.5897720790240208,0.4916821698369596,0.0980899091870612,descriptive; no pointwise inference
maintenance,EUW-NA,95,0.6579688118100574,0.5429298317104095,0.1150389800996478,descriptive; no pointwise inference
maintenance,EUW-NA,96,0.7418349835974044,0.6159097256776486,0.1259252579197558,descriptive; no pointwise inference
maintenance,EUW-NA,97,0.8404272200924786,0.7008912350072217,0.1395359850852569,descriptive; no pointwise inference
maintenance,EUW-NA,98,0.9691222861984315,0.8258295594485359,0.1432927267498958,descriptive; no pointwise inference
maintenance,EUW-NA,99,1.184391082240131,1.0409687089336537,0.1434223733064774,descriptive; no pointwise inference
signalling,EUW-NA,1,-1.117220119407166,-1.1749559317009026,0.0577358122937365,descriptive; no pointwise inference
signalling,EUW-NA,2,-1.0293775133659853,-1.0871981302191331,0.0578206168531478,descriptive; no pointwise inference
signalling,EUW-NA,3,-0.9707453151541696,-1.0275796256656673,0.0568343105114975,descriptive; no pointwise inference
signalling,EUW-NA,4,-0.927433544257789,-0.9835919557657364,0.0561584115079473,descriptive; no pointwise inference
signalling,EUW-NA,5,-0.8915870785380525,-0.943670668263026,0.0520835897249736,descriptive; no pointwise inference
signalling,EUW-NA,6,-0.8604655777912515,-0.913430043350855,0.0529644655596034,descriptive; no pointwise inference
signalling,EUW-NA,7,-0.8312390825935286,-0.8867153926342614,0.0554763100407327,descriptive; no pointwise inference
signalling,EUW-NA,8,-0.8060774207382696,-0.8611076475784619,0.0550302268401923,descriptive; no pointwise inference
signalling,EUW-NA,9,-0.7821940642162951,-0.8384628631880047,0.0562687989717095,descriptive; no pointwise inference
signalling,EUW-NA,10,-0.759591002106824,-0.816954961941257,0.0573639598344331,descriptive; no pointwise inference
signalling,EUW-NA,11,-0.7385354335219565,-0.7975215268450271,0.0589860933230705,descriptive; no pointwise inference
signalling,EUW-NA,12,-0.7189059888479702,-0.7792743504057624,0.0603683615577922,descriptive; no pointwise inference
signalling,EUW-NA,13,-0.7008291119599181,-0.761858615817029,0.0610295038571108,descriptive; no pointwise inference
signalling,EUW-NA,14,-0.6833154276623502,-0.7448657570329854,0.0615503293706352,descriptive; no pointwise inference
signalling,EUW-NA,15,-0.6667743633113148,-0.729863668890783,0.0630893055794682,descriptive; no pointwise inference
signalling,EUW-NA,16,-0.6509988030621973,-0.7156314269877262,0.0646326239255289,descriptive; no pointwise inference
signalling,EUW-NA,17,-0.6340314296620239,-0.7004635276607137,0.0664320979986898,descriptive; no pointwise inference
signalling,EUW-NA,18,-0.6187231352450886,-0.6858659188239182,0.0671427835788296,descriptive; no pointwise inference
signalling,EUW-NA,19,-0.6029615393444915,-0.6719666940696691,0.0690051547251776,descriptive; no pointwise inference
signalling,EUW-NA,20,-0.5884832840836273,-0.658497101840733,0.0700138177571056,descriptive; no pointwise inference
signalling,EUW-NA,21,-0.5733086084196208,-0.644991879639227,0.0716832712196061,descriptive; no pointwise inference
signalling,EUW-NA,22,-0.5596379718026029,-0.6315074318393744,0.0718694600367715,descriptive; no pointwise inference
signalling,EUW-NA,23,-0.546583885212422,-0.6193413297621218,0.0727574445496997,descriptive; no pointwise inference
signalling,EUW-NA,24,-0.5327103061830515,-0.6069580127664315,0.0742477065833799,descriptive; no pointwise inference
signalling,EUW-NA,25,-0.5187967914511002,-0.5935673205234312,0.0747705290723309,descriptive; no pointwise inference
signalling,EUW-NA,26,-0.5055898967024761,-0.5815103109543933,0.0759204142519172,descriptive; no pointwise inference
signalling,EUW-NA,27,-0.4915170454033816,-0.5696504265303951,0.0781333811270135,descriptive; no pointwise inference
signalling,EUW-NA,28,-0.4765867251604163,-0.556878302289824,0.0802915771294077,descriptive; no pointwise inference
signalling,EUW-NA,29,-0.4631947965162985,-0.5451035246539815,0.0819087281376829,descriptive; no pointwise inference
signalling,EUW-NA,30,-0.4489689580658675,-0.5325173657287929,0.0835484076629254,descriptive; no pointwise inference
signalling,EUW-NA,31,-0.4351275418908488,-0.5197723617658954,0.0846448198750465,descriptive; no pointwise inference
signalling,EUW-NA,32,-0.421668181408679,-0.5082489932448698,0.0865808118361908,descriptive; no pointwise inference
signalling,EUW-NA,33,-0.4078624452127115,-0.4969007536803559,0.0890383084676444,descriptive; no pointwise inference
signalling,EUW-NA,34,-0.395180822394525,-0.4846181674918625,0.0894373450973375,descriptive; no pointwise inference
signalling,EUW-NA,35,-0.3817126898441112,-0.4724552820785342,0.0907425922344229,descriptive; no pointwise inference
signalling,EUW-NA,36,-0.3679943922450722,-0.4611824356046816,0.0931880433596094,descriptive; no pointwise inference
signalling,EUW-NA,37,-0.3541079090197627,-0.4483107869929569,0.0942028779731941,descriptive; no pointwise inference
signalling,EUW-NA,38,-0.3394252497177995,-0.437304874551965,0.0978796248341654,descriptive; no pointwise inference
signalling,EUW-NA,39,-0.3263551787456499,-0.4242795516858186,0.0979243729401687,descriptive; no pointwise inference
signalling,EUW-NA,40,-0.3126411139728419,-0.4116804575140581,0.0990393435412162,descriptive; no pointwise inference
signalling,EUW-NA,41,-0.2975472760435619,-0.3991337920338572,0.1015865159902952,descriptive; no pointwise inference
signalling,EUW-NA,42,-0.2840491718220424,-0.3857873858459629,0.1017382140239204,descriptive; no pointwise inference
signalling,EUW-NA,43,-0.2681589514390617,-0.3722871914986873,0.1041282400596256,descriptive; no pointwise inference
signalling,EUW-NA,44,-0.2533534954014066,-0.3583509537004477,0.1049974582990411,descriptive; no pointwise inference
signalling,EUW-NA,45,-0.239447152838496,-0.3450215932550425,0.1055744404165464,descriptive; no pointwise inference
signalling,EUW-NA,46,-0.2246008641697897,-0.3315448719074793,0.1069440077376895,descriptive; no pointwise inference
signalling,EUW-NA,47,-0.2096457056172069,-0.3180680834771919,0.108422377859985,descriptive; no pointwise inference
signalling,EUW-NA,48,-0.1930390307126244,-0.3047675161069644,0.11172848539434,descriptive; no pointwise inference
signalling,EUW-NA,49,-0.1768812300193916,-0.2922014747074165,0.1153202446880249,descriptive; no pointwise inference
signalling,EUW-NA,50,-0.1601653729260582,-0.2780544554666754,0.1178890825406172,descriptive; no pointwise inference
signalling,EUW-NA,51,-0.1433153573265949,-0.2642725929956037,0.1209572356690087,descriptive; no pointwise inference
signalling,EUW-NA,52,-0.1272866761544091,-0.2499690463937734,0.1226823702393642,descriptive; no pointwise inference
signalling,EUW-NA,53,-0.1111161072759396,-0.2348319378732216,0.123715830597282,descriptive; no pointwise inference
signalling,EUW-NA,54,-0.0947893130159849,-0.2199770182095688,0.1251877051935839,descriptive; no pointwise inference
signalling,EUW-NA,55,-0.0782184380366669,-0.2060698795792496,0.1278514415425827,descriptive; no pointwise inference
signalling,EUW-NA,56,-0.0617094833587892,-0.1896251573353923,0.127915673976603,descriptive; no pointwise inference
signalling,EUW-NA,57,-0.0429207670938324,-0.1741945377948222,0.1312737707009898,descriptive; no pointwise inference
signalling,EUW-NA,58,-0.0234496505574681,-0.1576200071020212,0.1341703565445531,descriptive; no pointwise inference
signalling,EUW-NA,59,-0.0043736322479562,-0.1401729759417939,0.1357993436938376,descriptive; no pointwise inference
signalling,EUW-NA,60,0.0138175953012337,-0.1228218581382979,0.1366394534395316,descriptive; no pointwise inference
signalling,EUW-NA,61,0.0316850403769843,-0.1063340180632157,0.1380190584402,descriptive; no pointwise inference
signalling,EUW-NA,62,0.0520076239697449,-0.088503141082606,0.1405107650523509,descriptive; no pointwise inference
signalling,EUW-NA,63,0.0698688712441334,-0.068536800293038,0.1384056715371714,descriptive; no pointwise inference
signalling,EUW-NA,64,0.0898672579058575,-0.0501747771742774,0.140042035080135,descriptive; no pointwise inference
signalling,EUW-NA,65,0.1103770509219863,-0.0315293422873564,0.1419063932093427,descriptive; no pointwise inference
signalling,EUW-NA,66,0.1331379814696053,-0.0114371259690356,0.144575107438641,descriptive; no pointwise inference
signalling,EUW-NA,67,0.1549749963962866,0.0078713287991388,0.1471036675971477,descriptive; no pointwise inference
signalling,EUW-NA,68,0.1781537734019093,0.0271802377132356,0.1509735356886737,descriptive; no pointwise inference
signalling,EUW-NA,69,0.2022391179949054,0.0496304922039881,0.1526086257909173,descriptive; no pointwise inference
signalling,EUW-NA,70,0.225320059456144,0.0701623845051725,0.1551576749509716,descriptive; no pointwise inference
signalling,EUW-NA,71,0.2509273165102604,0.0939239390015434,0.1570033775087169,descriptive; no pointwise inference
signalling,EUW-NA,72,0.2761892129641649,0.1159396039027637,0.1602496090614011,descriptive; no pointwise inference
signalling,EUW-NA,73,0.3028692014632186,0.138701325949126,0.1641678755140926,descriptive; no pointwise inference
signalling,EUW-NA,74,0.3306957435999423,0.1656119458468309,0.1650837977531114,descriptive; no pointwise inference
signalling,EUW-NA,75,0.3581539998359574,0.1913143469090754,0.166839652926882,descriptive; no pointwise inference
signalling,EUW-NA,76,0.3863816248133989,0.2163750347732628,0.170006590040136,descriptive; no pointwise inference
signalling,EUW-NA,77,0.4177482307072499,0.2454324327577189,0.172315797949531,descriptive; no pointwise inference
signalling,EUW-NA,78,0.4465896641011278,0.2737075140084368,0.172882150092691,descriptive; no pointwise inference
signalling,EUW-NA,79,0.4788918588375114,0.3076057014325153,0.1712861574049961,descriptive; no pointwise inference
signalling,EUW-NA,80,0.5134048780664168,0.3412033425047327,0.172201535561684,descriptive; no pointwise inference
signalling,EUW-NA,81,0.5495372723645624,0.3727704239254907,0.1767668484390717,descriptive; no pointwise inference
signalling,EUW-NA,82,0.589539353067702,0.4096698174368232,0.1798695356308787,descriptive; no pointwise inference
signalling,EUW-NA,83,0.6362417672252099,0.4479053736921328,0.188336393533077,descriptive; no pointwise inference
signalling,EUW-NA,84,0.6808584789766593,0.4887603418447417,0.1920981371319175,descriptive; no pointwise inference
signalling,EUW-NA,85,0.7214892282587273,0.5311728960919854,0.1903163321667419,descriptive; no pointwise inference
signalling,EUW-NA,86,0.768627135740962,0.5770928734789089,0.191534262262053,descriptive; no pointwise inference
signalling,EUW-NA,87,0.8165697732132067,0.6274099963741894,0.1891597768390173,descriptive; no pointwise inference
signalling,EUW-NA,88,0.8730440189040766,0.6811096108905703,0.1919344080135062,descriptive; no pointwise inference
signalling,EUW-NA,89,0.9382030716024092,0.7375223058500535,0.2006807657523557,descriptive; no pointwise inference
signalling,EUW-NA,90,1.0021639185683655,0.8011069630230773,0.2010569555452884,descriptive; no pointwise inference
signalling,EUW-NA,91,1.0702532042565511,0.8705672453457436,0.1996859589108077,descriptive; no pointwise inference
signalling,EUW-NA,92,1.1524936022779677,0.9486921442644112,0.2038014580135564,descriptive; no pointwise inference
signalling,EUW-NA,93,1.238459542783613,1.027833325904709,0.2106262168789039,descriptive; no pointwise inference
signalling,EUW-NA,94,1.343275964910456,1.1318263142309128,0.2114496506795431,descriptive; no pointwise inference
signalling,EUW-NA,95,1.4711800418786554,1.2583657958689396,0.2128142460097157,descriptive; no pointwise inference
signalling,EUW-NA,96,1.63045931948758,1.412094402553278,0.218364916934302,descriptive; no pointwise inference
signalling,EUW-NA,97,1.8177599831144688,1.6028903573438058,0.2148696257706628,descriptive; no pointwise inference
signalling,EUW-NA,98,2.0999413897198007,1.882322756952275,0.2176186327675258,descriptive; no pointwise inference
signalling,EUW-NA,99,2.6081451076473847,2.3141782700213764,0.2939668376260083,descriptive; no pointwise inference
