region,display_region,maintenance_difference_sd,model_predictor_z,probability,ci_low,ci_high,se,n_model_matches,n_reference_matches,method,specification
NA1,NA,-2.0,-1.9576089465939226,0.45322161652323156,0.45085071626939477,0.45559251677706836,0.001209642986651418,2210921,2208868,Common-reference standardization; fixed reference distribution; stratified match-score delta-method 95% CI,linear_logit
NA1,NA,-1.95,-1.9076089465939225,0.4541621654743653,0.4518380020915971,0.45648632885713347,0.0011857976442694747,2210921,2208868,Common-reference standardization; fixed reference distribution; stratified match-score delta-method 95% CI,linear_logit
NA1,NA,-1.9,-1.8576089465939225,0.4551030107015447,0.45282535574221716,0.4573806656608722,0.0011620688567997525,2210921,2208868,Common-reference standardization; fixed reference distribution; stratified match-score delta-method 95% CI,linear_logit
NA1,NA,-1.85,-1.8076089465939227,0.45604414615982325,0.45381275266026805,0.45827553965937845,0.0011384660712016363,2210921,2208868,Common-reference standardization; fixed reference distribution; stratified match-score delta-method 95% CI,linear_logit
NA1,NA,-1.8,-1.7576089465939226,0.4569855657976292,0.45480016688443226,0.4591709647108262,0.0011149994455086482,2210921,2208868,Common-reference standardization; fixed reference distribution; stratified match-score delta-method 95% CI,linear_logit
NA1,NA,-1.75,-1.7076089465939226,0.45792726355690894,0.45578757092699823,0.46006695618681964,0.0010916799132197489,2210921,2208868,Common-reference standardization; fixed reference distribution; stratified match-score delta-method 95% CI,linear_logit
NA1,NA,-1.7,-1.6576089465939225,0.45886923337325775,0.4567749356360571,0.4609635311104584,0.0010685192536737903,2210921,2208868,Common-reference standardization; fixed reference distribution; stratified match-score delta-method 95% CI,linear_logit
NA1,NA,-1.65,-1.6076089465939225,0.45981146917606036,0.4577622300450229,0.4618607083070978,0.0010455301688966643,2210921,2208868,Common-reference standardization; fixed reference distribution; stratified match-score delta-method 95% CI,linear_logit
NA1,NA,-1.6,-1.5576089465939227,0.46075396488862896,0.4587494212089265,0.46275850856833145,0.001022726367195152,2210921,2208868,Common-reference standardization; fixed reference distribution; stratified match-score delta-method 95% CI,linear_logit
NA1,NA,-1.55,-1.5076089465939226,0.46169671442834304,0.45973647402633644,0.46365695483034963,0.0010001226540849986,2210921,2208868,Common-reference standardization; fixed reference distribution; stratified match-score delta-method 95% CI,linear_logit
NA1,NA,-1.5,-1.4576089465939226,0.4626397117067767,0.46072335104654377,0.46455607236700963,0.000977735030731084,2210921,2208868,Common-reference standardization; fixed reference distribution; stratified match-score delta-method 95% CI,linear_logit
NA1,NA,-1.45,-1.4076089465939225,0.4635829506298646,0.46171001226153546,0.46545588899819373,0.0009555808001679391,2210921,2208868,Common-reference standardization; fixed reference distribution; stratified match-score delta-method 95% CI,linear_logit
NA1,NA,-1.4,-1.3576089465939225,0.464526425098005,0.4626964148824954,0.4663564353135146,0.0009336786813824414,2210921,2208868,Common-reference standardization; fixed reference distribution; stratified match-score delta-method 95% CI,linear_logit
NA1,NA,-1.35,-1.3076089465939227,0.46547012900623,0.4636825131013371,0.46725774491112293,0.0009120489310678028,2210921,2208868,Common-reference standardization; fixed reference distribution; stratified match-score delta-method 95% CI,linear_logit
NA1,NA,-1.2999999999999998,-1.2576089465939224,0.46641405624433147,0.46466825783798266,0.4681598546506803,0.0008907134726269358,2210921,2208868,Common-reference standardization; fixed reference distribution; stratified match-score delta-method 95% CI,linear_logit
NA1,NA,-1.25,-1.2076089465939226,0.4673582006969945,0.46565359647512006,0.469062804918869,0.0008696960315686076,2210921,2208868,Common-reference standardization; fixed reference distribution; stratified match-score delta-method 95% CI,linear_logit
NA1,NA,-1.2,-1.1576089465939225,0.46830255624395634,0.466638472583198,0.46996663990471466,0.0008490222758970893,2210921,2208868,Common-reference standardization; fixed reference distribution; stratified match-score delta-method 95% CI,linear_logit
NA1,NA,-1.15,-1.1076089465939225,0.46924711676012854,0.46762282563965907,0.470871407880598,0.0008287199594231865,2210921,2208868,Common-reference standardization; fixed reference distribution; stratified match-score delta-method 95% CI,linear_logit
NA1,NA,-1.1,-1.0576089465939227,0.4701918761157474,0.4686065907482887,0.47177716148320614,0.0008088190650299467,2210921,2208868,Common-reference standardization; fixed reference distribution; stratified match-score delta-method 95% CI,linear_logit
NA1,NA,-1.0499999999999998,-1.0076089465939224,0.47113682817650926,0.46958969836642306,0.47268395798659546,0.0007893519439215411,2210921,2208868,Common-reference standardization; fixed reference distribution; stratified match-score delta-method 95% CI,linear_logit
NA1,NA,-1.0,-0.9576089465939225,0.4720819668037157,0.47057207405068197,0.4735918595567495,0.0007703534454253883,2210921,2208868,Common-reference standardization; fixed reference distribution; stratified match-score delta-method 95% CI,linear_logit
NA1,NA,-0.95,-0.9076089465939224,0.4730272858544126,0.47155363823469604,0.4745009334741292,0.0007518610304676333,2210921,2208868,Common-reference standardization; fixed reference distribution; stratified match-score delta-method 95% CI,linear_logit
NA1,NA,-0.8999999999999999,-0.8576089465939224,0.4739727791815338,0.4725343060560786,0.475411252306989,0.0007339148599261193,2210921,2208868,Common-reference standardization; fixed reference distribution; stratified match-score delta-method 95% CI,linear_logit
NA1,NA,-0.8499999999999999,-0.8076089465939223,0.4749184406340349,0.47351398725356564,0.4763228940145041,0.000716557847178183,2210921,2208868,Common-reference standardization; fixed reference distribution; stratified match-score delta-method 95% CI,linear_logit
NA1,NA,-0.7999999999999998,-0.7576089465939223,0.47586426405704874,0.47449258615992845,0.477235941954169,0.0006998356617960502,2210921,2208868,Common-reference standardization; fixed reference distribution; stratified match-score delta-method 95% CI,linear_logit
NA1,NA,-0.75,-0.7076089465939225,0.4768102432920107,0.47547000181967713,0.4781504847643443,0.0006837966695579441,2210921,2208868,Common-reference standardization; fixed reference distribution; stratified match-score delta-method 95% CI,linear_logit
NA1,NA,-0.7,-0.6576089465939224,0.4777563721768145,0.4764461282652507,0.4790666160883783,0.0006684917916141978,2210921,2208868,Common-reference standardization; fixed reference distribution; stratified match-score delta-method 95% CI,linear_logit
NA1,NA,-0.6499999999999999,-0.6076089465939224,0.4787026445459427,0.47742085498671544,0.47998443410516994,0.0006539742649118622,2210921,2208868,Common-reference standardization; fixed reference distribution; stratified match-score delta-method 95% CI,linear_logit
NA1,NA,-0.5999999999999999,-0.5576089465939223,0.47964905423061804,0.4783940676315335,0.48090404082970256,0.0006402992852471987,2210921,2208868,Common-reference standardization; fixed reference distribution; stratified match-score delta-method 95% CI,linear_logit
NA1,NA,-0.5499999999999998,-0.5076089465939223,0.4805955950589512,0.4793656489675256,0.48182554115037685,0.0006275235160334853,2210921,2208868,Common-reference standardization; fixed reference distribution; stratified match-score delta-method 95% CI,linear_logit
NA1,NA,-0.5,-0.4576089465939225,0.48154226085605734,0.4803354801361525,0.48274904157596216,0.0006157044489310224,2210921,2208868,Common-reference standardization; fixed reference distribution; stratified match-score delta-method 95% CI,linear_logit
NA1,NA,-0.44999999999999996,-0.40760894659392244,0.48248904544422994,0.4813034422110652,0.4836746486773947,0.0006048996087575113,2210921,2208868,Common-reference standardization; fixed reference distribution; stratified match-score delta-method 95% CI,linear_logit
NA1,NA,-0.3999999999999999,-0.3576089465939224,0.48343594264306833,0.4822694180589702,0.48460246722716643,0.0005951656041316867,2210921,2208868,Common-reference standardization; fixed reference distribution; stratified match-score delta-method 95% CI,linear_logit
NA1,NA,-0.34999999999999987,-0.30760894659392235,0.4843829462696119,0.4832332944766838,0.48553259806254007,0.0005865570372082434,2210921,2208868,Common-reference standardization; fixed reference distribution; stratified match-score delta-method 95% CI,linear_logit
NA1,NA,-0.2999999999999998,-0.2576089465939223,0.4853300501385023,0.48419496454958844,0.4864651357274161,0.000579125300466248,2210921,2208868,Common-reference standardization; fixed reference distribution; stratified match-score delta-method 95% CI,linear_logit
NA1,NA,-0.25,-0.20760894659392248,0.4862772480621191,0.4851543301456562,0.487400165978582,0.0005729173043178162,2210921,2208868,Common-reference standardization; fixed reference distribution; stratified match-score delta-method 95% CI,linear_logit
NA1,NA,-0.19999999999999996,-0.15760894659392244,0.48722453385071324,0.4861113044301685,0.488337763271258,0.0005679741941554969,2210921,2208868,Common-reference standardization; fixed reference distribution; stratified match-score delta-method 95% CI,linear_logit
NA1,NA,-0.1499999999999999,-0.10760894659392241,0.48817190131256744,0.48706581426155754,0.48927798836357733,0.0005643301280662819,2210921,2208868,Common-reference standardization; fixed reference distribution; stratified match-score delta-method 95% CI,linear_logit
NA1,NA,-0.09999999999999987,-0.057608946593922364,0.48911934425412457,0.48801780231701375,0.4902208861912354,0.0005620111924034804,2210921,2208868,Common-reference standardization; fixed reference distribution; stratified match-score delta-method 95% CI,linear_logit
NA1,NA,-0.04999999999999982,-0.007608946593922319,0.49006685648013665,0.48896722879877186,0.49116648416150144,0.0005610345313085581,2210921,2208868,Common-reference standardization; fixed reference distribution; stratified match-score delta-method 95% CI,linear_logit
NA1,NA,0.0,0.0423910534060775,0.4910144317938156,0.48991407259198494,0.49211479099564626,0.0005614077560360584,2210921,2208868,Common-reference standardization; fixed reference distribution; stratified match-score delta-method 95% CI,linear_logit
NA1,NA,0.050000000000000266,0.09239105340607777,0.4919620639969587,0.49085833178237265,0.4930657962115447,0.0005631286809112407,2210921,2208868,Common-reference standardization; fixed reference distribution; stratified match-score delta-method 95% CI,linear_logit
NA1,NA,0.10000000000000009,0.1423910534060776,0.492909746890114,0.4918000234915618,0.4940194702886662,0.0005661854074245774,2210921,2208868,Common-reference standardization; fixed reference distribution; stratified match-score delta-method 95% CI,linear_logit
NA1,NA,0.1499999999999999,0.19239105340607743,0.493857474272711,0.49273918304374914,0.4949757655016728,0.0005705567494703149,2210921,2208868,Common-reference standardization; fixed reference distribution; stratified match-score delta-method 95% CI,linear_logit
NA1,NA,0.20000000000000018,0.2423910534060777,0.49480523994320014,0.4936758625314895,0.4959346173549108,0.0005762129651584946,2210921,2208868,Common-reference standardization; fixed reference distribution; stratified match-score delta-method 95% CI,linear_logit
NA1,NA,0.25,0.2923910534060775,0.4957530376992186,0.4946101288922435,0.4968959465061937,0.0005831167382526007,2210921,2208868,Common-reference standardization; fixed reference distribution; stratified match-score delta-method 95% CI,linear_logit
NA1,NA,0.30000000000000027,0.3423910534060778,0.4967008613376978,0.49554206163667613,0.4978596610387195,0.0005912243372559584,2210921,2208868,Common-reference standardization; fixed reference distribution; stratified match-score delta-method 95% CI,linear_logit
NA1,NA,0.3500000000000001,0.3923910534060776,0.49764870465505207,0.49647175038104047,0.49882565892906366,0.0006004868744957028,2210921,2208868,Common-reference standardization; fixed reference distribution; stratified match-score delta-method 95% CI,linear_logit
NA1,NA,0.40000000000000036,0.44239105340607787,0.498596561447278,0.49739929233068825,0.4997938305638677,0.0006108515900967997,2210921,2208868,Common-reference standardization; fixed reference distribution; stratified match-score delta-method 95% CI,linear_logit
NA1,NA,0.4500000000000002,0.4923910534060777,0.4995444255101324,0.49832478984314615,0.5007640611771187,0.0006222630954011529,2210921,2208868,Common-reference standardization; fixed reference distribution; stratified match-score delta-method 95% CI,linear_logit
NA1,NA,0.5,0.5423910534060775,0.500492290639256,0.4992483481716709,0.5017362331068412,0.0006346645242781406,2210921,2208868,Common-reference standardization; fixed reference distribution; stratified match-score delta-method 95% CI,linear_logit
NA1,NA,0.5500000000000003,0.5923910534060778,0.501440150630329,0.5001700734601155,0.5027102278005424,0.0006479985562313195,2210921,2208868,Common-reference standardization; fixed reference distribution; stratified match-score delta-method 95% CI,linear_logit
NA1,NA,0.6000000000000001,0.6423910534060776,0.5023879992792056,0.5010900710291759,0.5036859275292354,0.0006622082908315114,2210921,2208868,Common-reference standardization; fixed reference distribution; stratified match-score delta-method 95% CI,linear_logit
NA1,NA,0.6500000000000004,0.6923910534060779,0.5033358303820689,0.5020084439681172,0.5046632167960206,0.0006772379663018816,2210921,2208868,Common-reference standardization; fixed reference distribution; stratified match-score delta-method 95% CI,linear_logit
NA1,NA,0.7000000000000002,0.7423910534060777,0.5042836377355573,0.5029252920257669,0.5056419834453477,0.0006930335254032584,2210921,2208868,Common-reference standardization; fixed reference distribution; stratified match-score delta-method 95% CI,linear_logit
NA1,NA,0.75,0.7923910534060775,0.5052314151369367,0.5038407107790958,0.5066221194947776,0.0007095430397147705,2210921,2208868,Common-reference standardization; fixed reference distribution; stratified match-score delta-method 95% CI,linear_logit
NA1,NA,0.8000000000000003,0.8423910534060778,0.5061791563842123,0.5047547910488346,0.50760352171959,0.0007267170078457889,2210921,2208868,Common-reference standardization; fixed reference distribution; stratified match-score delta-method 95% CI,linear_logit
NA1,NA,0.8500000000000001,0.8923910534060776,0.5071268552762853,0.5056676185271876,0.5085860920253831,0.0007445085454580474,2210921,2208868,Common-reference standardization; fixed reference distribution; stratified match-score delta-method 95% CI,linear_logit
NA1,NA,0.9000000000000004,0.9423910534060779,0.5080745056131172,0.5065792735815227,0.5095697376447117,0.0007628734855074325,2210921,2208868,Common-reference standardization; fixed reference distribution; stratified match-score delta-method 95% CI,linear_logit
NA1,NA,0.9500000000000002,0.9923910534060777,0.5090221011958306,0.507489831199431,0.5105543711922301,0.0007817704063262795,2210921,2208868,Common-reference standardization; fixed reference distribution; stratified match-score delta-method 95% CI,linear_logit
NA1,NA,1.0,1.0423910534060774,0.5099696358269005,0.5083993610439378,0.5115399106098631,0.0008011606035523711,2210921,2208868,Common-reference standardization; fixed reference distribution; stratified match-score delta-method 95% CI,linear_logit
NA1,NA,1.0500000000000003,1.0923910534060777,0.5109171033102498,0.5093079275914921,0.5125262790290074,0.0008210080197743002,2210921,2208868,Common-reference standardization; fixed reference distribution; stratified match-score delta-method 95% CI,linear_logit
NA1,NA,1.1,1.1423910534060775,0.5118644974514386,0.510215590329442,0.5135134045734352,0.000841279143875796,2210921,2208868,Common-reference standardization; fixed reference distribution; stratified match-score delta-method 95% CI,linear_logit
NA1,NA,1.1500000000000004,1.1923910534060778,0.5128118120577733,0.511122403993896,0.5145012201216506,0.0008619428897333356,2210921,2208868,Common-reference standardization; fixed reference distribution; stratified match-score delta-method 95% CI,linear_logit
NA1,NA,1.2000000000000002,1.2423910534060776,0.5137590409384697,0.5120284188328146,0.5154896630441248,0.000882970462068919,2210921,2208868,Common-reference standardization; fixed reference distribution; stratified match-score delta-method 95% CI,linear_logit
NA1,NA,1.25,1.2923910534060774,0.5147061779047848,0.5129336808820547,0.5164786749275149,0.0009043352156786292,2210921,2208868,Common-reference standardization; fixed reference distribution; stratified match-score delta-method 95% CI,linear_logit
NA1,NA,1.3000000000000003,1.3423910534060777,0.5156532167701672,0.5138382322455667,0.5174682012947677,0.0009260125125512999,2210921,2208868,Common-reference standardization; fixed reference distribution; stratified match-score delta-method 95% CI,linear_logit
NA1,NA,1.35,1.3923910534060775,0.5166001513503995,0.5147421113725308,0.5184581913282682,0.0009479795805452382,2210921,2208868,Common-reference standardization; fixed reference distribution; stratified match-score delta-method 95% CI,linear_logit
NA1,NA,1.4000000000000004,1.4423910534060778,0.5175469754637329,0.5156453533268509,0.5194485976006148,0.0009702153759601669,2210921,2208868,Common-reference standardization; fixed reference distribution; stratified match-score delta-method 95% CI,linear_logit
NA1,NA,1.4500000000000002,1.4923910534060776,0.5184936829310389,0.5165479900454756,0.5204393758166023,0.0009927004518180441,2210921,2208868,Common-reference standardization; fixed reference distribution; stratified match-score delta-method 95% CI,linear_logit
NA1,NA,1.5,1.5423910534060774,0.5194402675759576,0.5174500505834299,0.5214304845684854,0.001015416832922304,2210921,2208868,Common-reference standardization; fixed reference distribution; stratified match-score delta-method 95% CI,linear_logit
NA1,NA,1.5500000000000003,1.5923910534060777,0.5203867232250181,0.5183515613441865,0.5224218851058497,0.0010383478983835089,2210921,2208868,Common-reference standardization; fixed reference distribution; stratified match-score delta-method 95% CI,linear_logit
NA1,NA,1.6,1.6423910534060775,0.5213330437078082,0.5192525462950207,0.5234135411205957,0.0010614782718303645,2210921,2208868,Common-reference standardization; fixed reference distribution; stratified match-score delta-method 95% CI,linear_logit
NA1,NA,1.6500000000000004,1.6923910534060778,0.5222792228570925,0.5201530271669166,0.5244054185472684,0.0010847937194774888,2210921,2208868,Common-reference standardization; fixed reference distribution; stratified match-score delta-method 95% CI,linear_logit
NA1,NA,1.7000000000000002,1.7423910534060776,0.5232252545089695,0.5210530236395965,0.5253974853783425,0.0011082810558025737,2210921,2208868,Common-reference standardization; fixed reference distribution; stratified match-score delta-method 95% CI,linear_logit
NA1,NA,1.75,1.7923910534060774,0.5241711325030194,0.5219525535121646,0.5263897114938741,0.0011319280565585239,2210921,2208868,Common-reference standardization; fixed reference distribution; stratified match-score delta-method 95% CI,linear_logit
NA1,NA,1.8000000000000003,1.8423910534060777,0.5251168506824243,0.5228516328598543,0.5273820685049944,0.0011557233788622538,2210921,2208868,Common-reference standardization; fixed reference distribution; stratified match-score delta-method 95% CI,linear_logit
NA1,NA,1.85,1.8923910534060775,0.5260624028941225,0.5237502761779936,0.5283745296102514,0.001179656487820873,2210921,2208868,Common-reference standardization; fixed reference distribution; stratified match-score delta-method 95% CI,linear_logit
NA1,NA,1.9000000000000004,1.9423910534060778,0.5270077829889569,0.5246484965136862,0.5293670694642276,0.0012037175894238207,2210921,2208868,Common-reference standardization; fixed reference distribution; stratified match-score delta-method 95% CI,linear_logit
NA1,NA,1.9500000000000002,1.9923910534060776,0.5279529848218036,0.5255463055863774,0.5303596640572299,0.001227897569095033,2210921,2208868,Common-reference standardization; fixed reference distribution; stratified match-score delta-method 95% CI,linear_logit
NA1,NA,2.0,2.0423910534060776,0.5288980022517173,0.5264437138979522,0.5313522906054825,0.0012521879355944828,2210921,2208868,Common-reference standardization; fixed reference distribution; stratified match-score delta-method 95% CI,linear_logit
EUW1,EUW,-2.0,-1.9576089465939226,0.44853878677978615,0.44623341006617157,0.45084416349340073,0.001176212608987037,2210921,2208868,Common-reference standardization; fixed reference distribution; stratified match-score delta-method 95% CI,linear_logit
EUW1,EUW,-1.95,-1.9076089465939225,0.4495430460754281,0.4472833208406231,0.4518027713102331,0.001152921038165806,2210921,2208868,Common-reference standardization; fixed reference distribution; stratified match-score delta-method 95% CI,linear_logit
EUW1,EUW,-1.9,-1.8576089465939225,0.45054767812806873,0.44833339193234834,0.4527619643237891,0.0011297378549593904,2210921,2208868,Common-reference standardization; fixed reference distribution; stratified match-score delta-method 95% CI,linear_logit
EUW1,EUW,-1.85,-1.8076089465939227,0.4515526755845833,0.44938359782731685,0.4537217533418497,0.0011066723251359335,2210921,2208868,Common-reference standardization; fixed reference distribution; stratified match-score delta-method 95% CI,linear_logit
EUW1,EUW,-1.8,-1.7576089465939226,0.452558031082317,0.450433911631416,0.45468215053321803,0.0010837344137250083,2210921,2208868,Common-reference standardization; fixed reference distribution; stratified match-score delta-method 95% CI,linear_logit
EUW1,EUW,-1.75,-1.7076089465939226,0.4535637372492829,0.45148430494483205,0.45564316955373374,0.0010609348492096069,2210921,2208868,Common-reference standardization; fixed reference distribution; stratified match-score delta-method 95% CI,linear_logit
EUW1,EUW,-1.7,-1.6576089465939225,0.454569786704339,0.4525347477246249,0.45660482568405314,0.0010382851937317035,2210921,2208868,Common-reference standardization; fixed reference distribution; stratified match-score delta-method 95% CI,linear_logit
EUW1,EUW,-1.65,-1.6076089465939225,0.45557617205737866,0.45358520813443104,0.4575671359803263,0.0010157979198712375,2210921,2208868,Common-reference standardization; fixed reference distribution; stratified match-score delta-method 95% CI,linear_logit
EUW1,EUW,-1.6,-1.5576089465939227,0.45658288590953383,0.4546356523803154,0.45853011943875227,0.0009934864944991953,2210921,2208868,Common-reference standardization; fixed reference distribution; stratified match-score delta-method 95% CI,linear_logit
EUW1,EUW,-1.55,-1.5076089465939226,0.4575899208533607,0.455686044532203,0.4594937971745184,0.0009713654699784139,2210921,2208868,Common-reference standardization; fixed reference distribution; stratified match-score delta-method 95% CI,linear_logit
EUW1,EUW,-1.5,-1.4576089465939226,0.45859726947302704,0.45673634632981136,0.4604581926162427,0.0009494505832732961,2210921,2208868,Common-reference standardization; fixed reference distribution; stratified match-score delta-method 95% CI,linear_logit
EUW1,EUW,-1.45,-1.4076089465939225,0.45960492434451583,0.45778651697276007,0.4614233317162716,0.0009277588631406877,2210921,2208868,Common-reference standardization; fixed reference distribution; stratified match-score delta-method 95% CI,linear_logit
EUW1,EUW,-1.4,-1.3576089465939225,0.4606128780358084,0.45883651289466776,0.46238924317694907,0.0009063087454799317,2210921,2208868,Common-reference standardization; fixed reference distribution; stratified match-score delta-method 95% CI,linear_logit
EUW1,EUW,-1.35,-1.3076089465939227,0.4616211231070778,0.4598862875210121,0.4633559586931435,0.0008851201969722822,2210921,2208868,Common-reference standardization; fixed reference distribution; stratified match-score delta-method 95% CI,linear_logit
EUW1,EUW,-1.2999999999999998,-1.2576089465939224,0.4626296521108974,0.46093579101201176,0.46432351320978305,0.0008642148463702343,2210921,2208868,Common-reference standardization; fixed reference distribution; stratified match-score delta-method 95% CI,linear_logit
EUW1,EUW,-1.25,-1.2076089465939226,0.46363845759241523,0.4619849699915008,0.46529194519332967,0.0008436161229155203,2210921,2208868,Common-reference standardization; fixed reference distribution; stratified match-score delta-method 95% CI,linear_logit
EUW1,EUW,-1.2,-1.1576089465939225,0.4646475320895606,0.4630337672647919,0.4662612969143293,0.0008233494003921928,2210921,2208868,Common-reference standardization; fixed reference distribution; stratified match-score delta-method 95% CI,linear_logit
EUW1,EUW,-1.15,-1.1076089465939225,0.46565686813324414,0.4640821215291502,0.4672316147373381,0.0008034421449459027,2210921,2208868,Common-reference standardization; fixed reference distribution; stratified match-score delta-method 95% CI,linear_logit
EUW1,EUW,-1.1,-1.0576089465939227,0.46666645824753145,0.4651299670825997,0.4682029494124632,0.0007839240637407075,2210921,2208868,Common-reference standardization; fixed reference distribution; stratified match-score delta-method 95% CI,linear_logit
EUW1,EUW,-1.0499999999999998,-1.0076089465939224,0.46767629494986124,0.46617723353890506,0.4691753563608174,0.0007648272504878417,2210921,2208868,Common-reference standardization; fixed reference distribution; stratified match-score delta-method 95% CI,linear_logit
EUW1,EUW,-1.0,-0.9576089465939225,0.46868637075124087,0.4672238455592408,0.47014889594324094,0.0007461863224490117,2210921,2208868,Common-reference standardization; fixed reference distribution; stratified match-score delta-method 95% CI,linear_logit
EUW1,EUW,-0.95,-0.9076089465939224,0.4696966781564176,0.46826972261415245,0.4711236336986827,0.0007280385419720034,2210921,2208868,Common-reference standardization; fixed reference distribution; stratified match-score delta-method 95% CI,linear_logit
EUW1,EUW,-0.8999999999999999,-0.8576089465939224,0.47070720966410934,0.4693147787933555,0.4720996405348632,0.000710423913649936,2210921,2208868,Common-reference standardization; fixed reference distribution; stratified match-score delta-method 95% CI,linear_logit
EUW1,EUW,-0.8499999999999999,-0.8076089465939223,0.4717179577671726,0.47035892268501694,0.4730769928493283,0.0006933852459977984,2210921,2208868,Common-reference standardization; fixed reference distribution; stratified match-score delta-method 95% CI,linear_logit
EUW1,EUW,-0.7999999999999998,-0.7576089465939223,0.4727289149528181,0.471402057350551,0.4740557725550852,0.0006769681644219684,2210921,2208868,Common-reference standardization; fixed reference distribution; stratified match-score delta-method 95% CI,linear_logit
EUW1,EUW,-0.75,-0.7076089465939225,0.473740073702805,0.47244408042575914,0.4750360669798509,0.0006612210597172784,2210921,2208868,Common-reference standardization; fixed reference distribution; stratified match-score delta-method 95% CI,linear_logit
EUW1,EUW,-0.7,-0.6576089465939224,0.4747514264936345,0.4734848843829775,0.4760179686042915,0.0006461949544168345,2210921,2208868,Common-reference standardization; fixed reference distribution; stratified match-score delta-method 95% CI,linear_logit
EUW1,EUW,-0.6499999999999999,-0.6076089465939224,0.4757629657967444,0.4745243569917504,0.47700157460173837,0.0006319432678540635,2210921,2208868,Common-reference standardization; fixed reference distribution; stratified match-score delta-method 95% CI,linear_logit
EUW1,EUW,-0.5999999999999999,-0.5576089465939223,0.4767746840787146,0.47556238201672263,0.47798698614070656,0.0006185214601999756,2210921,2208868,Common-reference standardization; fixed reference distribution; stratified match-score delta-method 95% CI,linear_logit
EUW1,EUW,-0.5499999999999998,-0.5076089465939223,0.4777865738014715,0.476598840188721,0.478974307414222,0.0006059865371175919,2210921,2208868,Common-reference standardization; fixed reference distribution; stratified match-score delta-method 95% CI,linear_logit
EUW1,EUW,-0.5,-0.4576089465939225,0.4787986274224732,0.47763361047842223,0.47996364436652417,0.0005943964000259943,2210921,2208868,Common-reference standardization; fixed reference distribution; stratified match-score delta-method 95% CI,linear_logit
EUW1,EUW,-0.44999999999999996,-0.40760894659392244,0.4798108373949114,0.4786665716896814,0.48095510310014145,0.00058380903328062,2210921,2208868,Common-reference standardization; fixed reference distribution; stratified match-score delta-method 95% CI,linear_logit
EUW1,EUW,-0.3999999999999999,-0.3576089465939224,0.48082319616792046,0.4796976043710407,0.48194878796480023,0.0005742815290203026,2210921,2208868,Common-reference standardization; fixed reference distribution; stratified match-score delta-method 95% CI,linear_logit
EUW1,EUW,-0.34999999999999987,-0.30760894659392235,0.4818356961867679,0.48072659301844683,0.482944799355089,0.000565868963429129,2210921,2208868,Common-reference standardization; fixed reference distribution; stratified match-score delta-method 95% CI,linear_logit
EUW1,EUW,-0.2999999999999998,-0.2576089465939223,0.4828483298930511,0.4817534285122028,0.4839432312738994,0.0005586231534940279,2210921,2208868,Common-reference standardization; fixed reference distribution; stratified match-score delta-method 95% CI,linear_logit
EUW1,EUW,-0.25,-0.20760894659392248,0.48386108972491115,0.4827780106976393,0.484944168752183,0.0005525913404448233,2210921,2208868,Common-reference standardization; fixed reference distribution; stratified match-score delta-method 95% CI,linear_logit
EUW1,EUW,-0.19999999999999996,-0.15760894659392244,0.4848739681172159,0.4838002509868692,0.4859476852475626,0.0005478148624217805,2210921,2208868,Common-reference standardization; fixed reference distribution; stratified match-score delta-method 95% CI,linear_logit
EUW1,EUW,-0.1499999999999999,-0.10760894659392241,0.48588695750177585,0.4848200748338145,0.4869538401697372,0.000544327891817016,2210921,2208868,Common-reference standardization; fixed reference distribution; stratified match-score delta-method 95% CI,linear_logit
EUW1,EUW,-0.09999999999999987,-0.057608946593922364,0.4869000503075305,0.48583742392097057,0.4879626766940904,0.0005421563196734131,2210921,2208868,Common-reference standardization; fixed reference distribution; stratified match-score delta-method 95% CI,linear_logit
EUW1,EUW,-0.04999999999999982,-0.007608946593922319,0.48791323896075844,0.486852257899704,0.4889742200218129,0.0005413168678849374,2210921,2208868,Common-reference standardization; fixed reference distribution; stratified match-score delta-method 95% CI,linear_logit
EUW1,EUW,0.0,0.0423910534060775,0.4889265158852702,0.487864555548951,0.4899884762215894,0.0005418164981220503,2210921,2208868,Common-reference standardization; fixed reference distribution; stratified match-score delta-method 95% CI,linear_logit
EUW1,EUW,0.050000000000000266,0.09239105340607777,0.4899398735026205,0.4888743152573024,0.49100543174793865,0.0005436521659786401,2210921,2208868,Common-reference standardization; fixed reference distribution; stratified match-score delta-method 95% CI,linear_logit
EUW1,EUW,0.10000000000000009,0.1423910534060776,0.49095330423229877,0.48988155478837114,0.4920250536762264,0.0005468109407794096,2210921,2208868,Common-reference standardization; fixed reference distribution; stratified match-score delta-method 95% CI,linear_logit
EUW1,EUW,0.1499999999999999,0.19239105340607743,0.4919668004919314,0.4908863103496092,0.4930472906342536,0.0005512704807766184,2210921,2208868,Common-reference standardization; fixed reference distribution; stratified match-score delta-method 95% CI,linear_logit
EUW1,EUW,0.20000000000000018,0.2423910534060777,0.49298035469748763,0.4918886350418147,0.4940720743531606,0.0005569998243229371,2210921,2208868,Common-reference standardization; fixed reference distribution; stratified match-score delta-method 95% CI,linear_logit
EUW1,EUW,0.25,0.2923910534060775,0.4939939592634718,0.49288859681318975,0.4950993217137538,0.0005639604338173614,2210921,2208868,Common-reference standardization; fixed reference distribution; stratified match-score delta-method 95% CI,linear_logit
EUW1,EUW,0.30000000000000027,0.3423910534060778,0.4950076066031401,0.49388627607002766,0.4961289371362525,0.0005721074148532693,2210921,2208868,Common-reference standardization; fixed reference distribution; stratified match-score delta-method 95% CI,linear_logit
EUW1,EUW,0.3500000000000001,0.3923910534060776,0.4960212891286828,0.4948817631063326,0.49716081515103305,0.0005813908277297118,2210921,2208868,Common-reference standardization; fixed reference distribution; stratified match-score delta-method 95% CI,linear_logit
EUW1,EUW,0.40000000000000036,0.44239105340607787,0.4970349992514365,0.49587515550655226,0.4981948429963208,0.0005917570126960633,2210921,2208868,Common-reference standardization; fixed reference distribution; stratified match-score delta-method 95% CI,linear_logit
EUW1,EUW,0.4500000000000002,0.4923910534060777,0.4980487293820897,0.49686655565301635,0.4992309031111631,0.0006031498617721151,2210921,2208868,Common-reference standardization; fixed reference distribution; stratified match-score delta-method 95% CI,linear_logit
EUW1,EUW,0.5,0.5423910534060775,0.4990624719308729,0.49785606843973745,0.5002688754220083,0.0006155119852731725,2210921,2208868,Common-reference standardization; fixed reference distribution; stratified match-score delta-method 95% CI,linear_logit
EUW1,EUW,0.5500000000000003,0.5923910534060778,0.5000762193077618,0.4988437992609229,0.5013086393546007,0.0006287857381831119,2210921,2208868,Common-reference standardization; fixed reference distribution; stratified match-score delta-method 95% CI,linear_logit
EUW1,EUW,0.6000000000000001,0.6423910534060776,0.5010899639226868,0.49982985231048604,0.5023500755348875,0.000642914087857529,2210921,2208868,Common-reference standardization; fixed reference distribution; stratified match-score delta-method 95% CI,linear_logit
EUW1,EUW,0.6500000000000004,0.6923910534060779,0.502103698185731,0.5008143292020647,0.5033930671693972,0.0006578413181970938,2210921,2208868,Common-reference standardization; fixed reference distribution; stratified match-score delta-method 95% CI,linear_logit
EUW1,EUW,0.7000000000000002,0.7423910534060777,0.5031174145073243,0.5017973278981989,0.5044375011164497,0.0006735135760843779,2210921,2208868,Common-reference standardization; fixed reference distribution; stratified match-score delta-method 95% CI,linear_logit
EUW1,EUW,0.75,0.7923910534060775,0.5041311052984535,0.5027789419229879,0.5054832686739191,0.0006898792731967531,2210921,2208868,Common-reference standardization; fixed reference distribution; stratified match-score delta-method 95% CI,linear_logit
EUW1,EUW,0.8000000000000003,0.8423910534060778,0.5051447629708617,0.5037592598237348,0.5065302661179887,0.0007068893607790442,2210921,2208868,Common-reference standardization; fixed reference distribution; stratified match-score delta-method 95% CI,linear_logit
EUW1,EUW,0.8500000000000001,0.8923910534060776,0.5061583799372469,0.5047383648439354,0.5075783950305583,0.0007244974965874834,2210921,2208868,Common-reference standardization; fixed reference distribution; stratified match-score delta-method 95% CI,linear_logit
EUW1,EUW,0.9000000000000004,0.9423910534060779,0.5071719486114612,0.5057163347693308,0.5086275624535916,0.0007426601235359347,2210921,2208868,Common-reference standardization; fixed reference distribution; stratified match-score delta-method 95% CI,linear_logit
EUW1,EUW,0.9500000000000002,0.9923910534060777,0.5081854614087199,0.5066932419114537,0.5096776809059861,0.000761336478197016,2210921,2208868,Common-reference standardization; fixed reference distribution; stratified match-score delta-method 95% CI,linear_logit
EUW1,EUW,1.0,1.0423910534060774,0.5091989107458001,0.5076691531964965,0.5107286682951038,0.0007804885455630695,2210921,2208868,Common-reference standardization; fixed reference distribution; stratified match-score delta-method 95% CI,linear_logit
EUW1,EUW,1.0500000000000003,1.0923910534060777,0.5102122890412324,0.5086441303320308,0.511780447750434,0.0008000809740824124,2210921,2208868,Common-reference standardization; fixed reference distribution; stratified match-score delta-method 95% CI,linear_logit
EUW1,EUW,1.1,1.1423910534060775,0.5112255887155122,0.5096182300284333,0.512832947402591,0.0008200809627953175,2210921,2208868,Common-reference standardization; fixed reference distribution; stratified match-score delta-method 95% CI,linear_logit
EUW1,EUW,1.1500000000000004,1.1923910534060778,0.5122388021912984,0.5105915042562191,0.5138861001263776,0.0008404581301424598,2210921,2208868,Common-reference standardization; fixed reference distribution; stratified match-score delta-method 95% CI,linear_logit
EUW1,EUW,1.2000000000000002,1.2423910534060776,0.5132519218936097,0.511564000524492,0.5149398432627273,0.0008611843719987994,2210921,2208868,Common-reference standardization; fixed reference distribution; stratified match-score delta-method 95% CI,linear_logit
EUW1,EUW,1.25,1.2923910534060774,0.5142649402500317,0.5125357621689081,0.5159941183311553,0.0008822337148589563,2210921,2208868,Common-reference standardization; fixed reference distribution; stratified match-score delta-method 95% CI,linear_logit
EUW1,EUW,1.3000000000000003,1.3423910534060777,0.5152778496909082,0.5135068286406016,0.5170488707412147,0.0009035821685237852,2210921,2208868,Common-reference standardization; fixed reference distribution; stratified match-score delta-method 95% CI,linear_logit
EUW1,EUW,1.35,1.3923910534060775,0.5162906426495542,0.5144772357896281,0.5181040495094802,0.0009252075815949361,2210921,2208868,Common-reference standardization; fixed reference distribution; stratified match-score delta-method 95% CI,linear_logit
EUW1,EUW,1.4000000000000004,1.4423910534060778,0.5173033115624465,0.5154470161386545,0.5191596069862384,0.000947089501934688,2210921,2208868,Common-reference standardization; fixed reference distribution; stratified match-score delta-method 95% CI,linear_logit
EUW1,EUW,1.4500000000000002,1.4923910534060776,0.5183158488694196,0.5164161991436315,0.5202154985952078,0.0009692090437694665,2210921,2208868,Common-reference standardization; fixed reference distribution; stratified match-score delta-method 95% CI,linear_logit
EUW1,EUW,1.5,1.5423910534060774,0.5193282470138829,0.517384811440058,0.5212716825877078,0.0009915487621555957,2210921,2208868,Common-reference standardization; fixed reference distribution; stratified match-score delta-method 95% CI,linear_logit
EUW1,EUW,1.5500000000000003,1.5923910534060777,0.5203404984429989,0.5183528770731954,0.5223281198128024,0.0010140925356140055,2210921,2208868,Common-reference standardization; fixed reference distribution; stratified match-score delta-method 95% CI,linear_logit
EUW1,EUW,1.6,1.6423910534060775,0.5213525956078953,0.5193204177127637,0.5233847735030268,0.001036825456699792,2210921,2208868,Common-reference standardization; fixed reference distribution; stratified match-score delta-method 95% CI,linear_logit
EUW1,EUW,1.6500000000000004,1.6923910534060778,0.5223645309638691,0.5202874528513501,0.5244416090763881,0.0010597337308770446,2210921,2208868,Common-reference standardization; fixed reference distribution; stratified match-score delta-method 95% CI,linear_logit
EUW1,EUW,1.7000000000000002,1.7423910534060776,0.5233762969705711,0.5212539999876604,0.5254985939534818,0.0010828045831176958,2210921,2208868,Common-reference standardization; fixed reference distribution; stratified match-score delta-method 95% CI,linear_logit
EUW1,EUW,1.75,1.7923910534060774,0.5243878860922068,0.5222200747949244,0.5265556973894892,0.001106026172082877,2210921,2208868,Common-reference standardization; fixed reference distribution; stratified match-score delta-method 95% CI,linear_logit
EUW1,EUW,1.8000000000000003,1.8423910534060777,0.52539929079775,0.5231856912753297,0.5276128903201704,0.0011293875114389766,2210921,2208868,Common-reference standardization; fixed reference distribution; stratified match-score delta-method 95% CI,linear_logit
EUW1,EUW,1.85,1.8923910534060775,0.5264105035611263,0.5241508619014223,0.5286701452208302,0.0011528783978081215,2210921,2208868,Common-reference standardization; fixed reference distribution; stratified match-score delta-method 95% CI,linear_logit
EUW1,EUW,1.9000000000000004,1.9423910534060778,0.527421516861417,0.5251155977453591,0.529727435977475,0.0011764893449275047,2210921,2208868,Common-reference standardization; fixed reference distribution; stratified match-score delta-method 95% CI,linear_logit
EUW1,EUW,1.9500000000000002,1.9923910534060776,0.5284323231830499,0.526079908596844,0.5307847377692558,0.0012002115235744347,2210921,2208868,Common-reference standardization; fixed reference distribution; stratified match-score delta-method 95% CI,linear_logit
EUW1,EUW,2.0,2.0423910534060776,0.5294429150160088,0.527043803070788,0.5318420269612296,0.0012240367067453157,2210921,2208868,Common-reference standardization; fixed reference distribution; stratified match-score delta-method 95% CI,linear_logit
KR,KR,-2.0,-1.9576089465939226,0.44278524976545514,0.4402928606863767,0.4452776388445336,0.001271627081162466,2210921,2208868,Common-reference standardization; fixed reference distribution; stratified match-score delta-method 95% CI,linear_logit
KR,KR,-1.95,-1.9076089465939225,0.4439749389365312,0.4415332234551773,0.44641665441788514,0.0012457732047724,2210921,2208868,Common-reference standardization; fixed reference distribution; stratified match-score delta-method 95% CI,linear_logit
KR,KR,-1.9,-1.8576089465939225,0.4451652108346243,0.44277399253655936,0.4475564291326892,0.0012200093357474244,2210921,2208868,Common-reference standardization; fixed reference distribution; stratified match-score delta-method 95% CI,linear_logit
KR,KR,-1.85,-1.8076089465939227,0.4463560532455383,0.44401513707308543,0.44869696941799114,0.0011943449859453449,2210921,2208868,Common-reference standardization; fixed reference distribution; stratified match-score delta-method 95% CI,linear_logit
KR,KR,-1.8,-1.7576089465939226,0.4475474539341528,0.44525662475377925,0.44983828311452634,0.0011687903981497721,2210921,2208868,Common-reference standardization; fixed reference distribution; stratified match-score delta-method 95% CI,linear_logit
KR,KR,-1.75,-1.7076089465939226,0.4487394006448173,0.44649842167344816,0.4509803796161865,0.0011433566180454897,2210921,2208868,Common-reference standardization; fixed reference distribution; stratified match-score delta-method 95% CI,linear_logit
KR,KR,-1.7,-1.6576089465939225,0.449931881101823,0.4477404921769656,0.45212327002668035,0.0011180555739068315,2210921,2208868,Common-reference standardization; fixed reference distribution; stratified match-score delta-method 95% CI,linear_logit
KR,KR,-1.65,-1.6076089465939225,0.4511248830098557,0.44898279868703495,0.45326696733267646,0.0010929001647044737,2210921,2208868,Common-reference standardization; fixed reference distribution; stratified match-score delta-method 95% CI,linear_logit
KR,KR,-1.6,-1.5576089465939227,0.45231839405442104,0.45022530151351264,0.45441148659532943,0.00106790435760632,2210921,2208868,Common-reference standardization; fixed reference distribution; stratified match-score delta-method 95% CI,linear_logit
KR,KR,-1.55,-1.5076089465939226,0.4535124019023023,0.45146795864293127,0.45555684516167333,0.001043083295597475,2210921,2208868,Common-reference standardization; fixed reference distribution; stratified match-score delta-method 95% CI,linear_logit
KR,KR,-1.5,-1.4576089465939226,0.45470689420201005,0.4527107255063414,0.4567030628976787,0.0010184534161574652,2210921,2208868,Common-reference standardization; fixed reference distribution; stratified match-score delta-method 95% CI,linear_logit
KR,KR,-1.45,-1.4076089465939225,0.45590185858423454,0.4539535547237642,0.4578501624447049,0.0009940325818726145,2210921,2208868,Common-reference standardization; fixed reference distribution; stratified match-score delta-method 95% CI,linear_logit
KR,KR,-1.4,-1.3576089465939225,0.457097282662293,0.4551963958238272,0.4589981695007588,0.0009698402237070375,2210921,2208868,Common-reference standardization; fixed reference distribution; stratified match-score delta-method 95% CI,linear_logit
KR,KR,-1.35,-1.3076089465939227,0.4582931540325798,0.4564391949369675,0.4601471131281921,0.0009458974977613737,2210921,2208868,Common-reference standardization; fixed reference distribution; stratified match-score delta-method 95% CI,linear_logit
KR,KR,-1.2999999999999998,-1.2576089465939224,0.4594894602750348,0.45768189446169555,0.46129702608837403,0.0009222274557853383,2210921,2208868,Common-reference standardization; fixed reference distribution; stratified match-score delta-method 95% CI,linear_logit
KR,KR,-1.25,-1.2076089465939226,0.4606861889535787,0.45892443270310973,0.4624479452040477,0.00089885522983112,2210921,2208868,Common-reference standardization; fixed reference distribution; stratified match-score delta-method 95% CI,linear_logit
KR,KR,-1.2,-1.1576089465939225,0.46188332761659207,0.4601667434848111,0.463599911748373,0.0008758082305004915,2210921,2208868,Common-reference standardization; fixed reference distribution; stratified match-score delta-method 95% CI,linear_logit
KR,KR,-1.15,-1.1076089465939225,0.46308086379734725,0.46140875573564594,0.46475297185904857,0.0008531163580108748,2210921,2208868,Common-reference standardization; fixed reference distribution; stratified match-score delta-method 95% CI,linear_logit
KR,KR,-1.1,-1.0576089465939227,0.4642787850144929,0.46265039305556444,0.4659071769734213,0.0008308122239430777,2210921,2208868,Common-reference standardization; fixed reference distribution; stratified match-score delta-method 95% CI,linear_logit
KR,KR,-1.0499999999999998,-1.0076089465939224,0.4654770787724957,0.4638915732665147,0.46706258427847674,0.0008089313806025715,2210921,2208868,Common-reference standardization; fixed reference distribution; stratified match-score delta-method 95% CI,linear_logit
KR,KR,-1.0,-0.9576089465939225,0.4666757325621007,0.4651322079579979,0.4682192571662035,0.0007875125531136597,2210921,2208868,Common-reference standardization; fixed reference distribution; stratified match-score delta-method 95% CI,linear_logit
KR,KR,-0.95,-0.9076089465939224,0.46787473386081047,0.466372202041196,0.4693772656804249,0.0007665978671502335,2210921,2208868,Common-reference standardization; fixed reference distribution; stratified match-score delta-method 95% CI,linear_logit
KR,KR,-0.8999999999999999,-0.8576089465939224,0.4690740701333329,0.46761145333052084,0.470536686936145,0.0007462330626592248,2210921,2208868,Common-reference standardization; fixed reference distribution; stratified match-score delta-method 95% CI,linear_logit
KR,KR,-0.8499999999999999,-0.8076089465939223,0.47027372883203467,0.46884985217809244,0.4716976054859769,0.000726467680582757,2210921,2208868,Common-reference standardization; fixed reference distribution; stratified match-score delta-method 95% CI,linear_logit
KR,KR,-0.7999999999999998,-0.7576089465939223,0.47147369739744344,0.47008728119450105,0.4728601136003858,0.000707355205582841,2210921,2208868,Common-reference standardization; fixed reference distribution; stratified match-score delta-method 95% CI,linear_logit
KR,KR,-0.75,-0.7076089465939225,0.47267396325865957,0.47132361509743953,0.4740243114198796,0.0006889531434795983,2210921,2208868,Common-reference standardization; fixed reference distribution; stratified match-score delta-method 95% CI,linear_logit
KR,KR,-0.7,-0.6576089465939224,0.47387451383387413,0.4725587207391815,0.4751903069285668,0.0006713230074962627,2210921,2208868,Common-reference standardization; fixed reference distribution; stratified match-score delta-method 95% CI,linear_logit
KR,KR,-0.6499999999999999,-0.6076089465939224,0.47507533653079664,0.4737924573731125,0.4763582156884808,0.000654530182491925,2210921,2208868,Common-reference standardization; fixed reference distribution; stratified match-score delta-method 95% CI,linear_logit
KR,KR,-0.5999999999999999,-0.5576089465939223,0.4762764187471497,0.4750246772262017,0.47752816026809775,0.0006386436331367471,2210921,2208868,Common-reference standardization; fixed reference distribution; stratified match-score delta-method 95% CI,linear_logit
KR,KR,-0.5499999999999998,-0.5076089465939223,0.47747774787111164,0.4762552264493655,0.47870026929285775,0.0006237354192582122,2210921,2208868,Common-reference standardization; fixed reference distribution; stratified match-score delta-method 95% CI,linear_logit
KR,KR,-0.5,-0.4576089465939225,0.47867931128180957,0.47748394651452236,0.4798746760490968,0.0006098799833098036,2210921,2208868,Common-reference standardization; fixed reference distribution; stratified match-score delta-method 95% CI,linear_logit
KR,KR,-0.44999999999999996,-0.40760894659392244,0.47988109634977805,0.47871067611752843,0.48105151658202766,0.0005971531797191932,2210921,2208868,Common-reference standardization; fixed reference distribution; stratified match-score delta-method 95% CI,linear_logit
KR,KR,-0.3999999999999999,-0.3576089465939224,0.4810830904374183,0.4799352536229291,0.4822309272519075,0.0005856310278006253,2210921,2208868,Common-reference standardization; fixed reference distribution; stratified match-score delta-method 95% CI,linear_logit
KR,KR,-0.34999999999999987,-0.30760894659392235,0.4822852808994935,0.48115752005090484,0.4834130417480822,0.0005753881880554494,2210921,2208868,Common-reference standardization; fixed reference distribution; stratified match-score delta-method 95% CI,linear_logit
KR,KR,-0.2999999999999998,-0.2576089465939223,0.4834876550835723,0.4823773225558928,0.4845979876112518,0.0005664961875915692,2210921,2208868,Common-reference standardization; fixed reference distribution; stratified match-score delta-method 95% CI,linear_logit
KR,KR,-0.25,-0.20760894659392248,0.4846902003305339,0.4835945182846276,0.4857858823764402,0.0005590214519930254,2210921,2208868,Common-reference standardization; fixed reference distribution; stratified match-score delta-method 95% CI,linear_logit
KR,KR,-0.19999999999999996,-0.15760894659392244,0.4858929039749961,0.4848089784334629,0.4869768295165294,0.0005530232354761444,2210921,2208868,Common-reference standardization; fixed reference distribution; stratified match-score delta-method 95% CI,linear_logit
KR,KR,-0.1499999999999999,-0.10760894659392241,0.4870957533458265,0.4860205922630616,0.4881709144285914,0.0005485515728392269,2210921,2208868,Common-reference standardization; fixed reference distribution; stratified match-score delta-method 95% CI,linear_logit
KR,KR,-0.09999999999999987,-0.057608946593922364,0.4882987357665999,0.48722927078302314,0.4893682007501766,0.0005456453997840575,2210921,2208868,Common-reference standardization; fixed reference distribution; stratified match-score delta-method 95% CI,linear_logit
KR,KR,-0.04999999999999982,-0.007608946593922319,0.48950183855606677,0.48843494980617375,0.4905687273059598,0.0005443309948433756,2210921,2208868,Common-reference standardization; fixed reference distribution; stratified match-score delta-method 95% CI,linear_logit
KR,KR,0.0,0.0423910534060775,0.49070504902864115,0.4896375920984592,0.4917725059588231,0.0005446208827459017,2210921,2208868,Common-reference standardization; fixed reference distribution; stratified match-score delta-method 95% CI,linear_logit
KR,KR,0.050000000000000266,0.09239105340607777,0.49190835449485876,0.4908371884186218,0.49297952057109573,0.0005465133042025506,2210921,2208868,Common-reference standardization; fixed reference distribution; stratified match-score delta-method 95% CI,linear_logit
KR,KR,0.10000000000000009,0.1423910534060776,0.4931117422618598,0.4920337573452515,0.49418972717846804,0.0005499923043919605,2210921,2208868,Common-reference standardization; fixed reference distribution; stratified match-score delta-method 95% CI,linear_logit
KR,KR,0.1499999999999999,0.19239105340607743,0.49431519963386517,0.4932273439087787,0.4954030553589516,0.0005550284311665705,2210921,2208868,Common-reference standardization; fixed reference distribution; stratified match-score delta-method 95% CI,linear_logit
KR,KR,0.20000000000000018,0.2423910534060777,0.4955187139126427,0.4944180171638871,0.49661941066139825,0.0005615799738548893,2210921,2208868,Common-reference standardization; fixed reference distribution; stratified match-score delta-method 95% CI,linear_logit
KR,KR,0.25,0.2923910534060775,0.4967222723979941,0.4956058669318117,0.4978386778641765,0.0005695946256032853,2210921,2208868,Common-reference standardization; fixed reference distribution; stratified match-score delta-method 95% CI,linear_logit
KR,KR,0.30000000000000027,0.3423910534060778,0.4979258623882136,0.4967909999982872,0.49906072477814006,0.0005790114234318501,2210921,2208868,Common-reference standardization; fixed reference distribution; stratified match-score delta-method 95% CI,linear_logit
KR,KR,0.3500000000000001,0.3923910534060776,0.4991294711805797,0.4979735360675348,0.5002854062936246,0.0005897628127780196,2210921,2208868,Common-reference standardization; fixed reference distribution; stratified match-score delta-method 95% CI,linear_logit
KR,KR,0.40000000000000036,0.44239105340607787,0.5003330860718203,0.49915360374817563,0.5015125683954649,0.0006017766957370409,2210921,2208868,Common-reference standardization; fixed reference distribution; stratified match-score delta-method 95% CI,linear_logit
KR,KR,0.4500000000000002,0.4923910534060777,0.5015366943585886,0.5003313367967057,0.5027420519204715,0.0006149783478994098,2210921,2208868,Common-reference standardization; fixed reference distribution; stratified match-score delta-method 95% CI,linear_logit
KR,KR,0.5,0.5423910534060775,0.5027402833379379,0.5015068707780614,0.5039736958978143,0.0006292921223859021,2210921,2208868,Common-reference standardization; fixed reference distribution; stratified match-score delta-method 95% CI,linear_logit
KR,KR,0.5500000000000003,0.5923910534060778,0.5039438403078,0.5026803402368307,0.5052073403787694,0.0006446428933516698,2210921,2208868,Common-reference standardization; fixed reference distribution; stratified match-score delta-method 95% CI,linear_logit
KR,KR,0.6000000000000001,0.6423910534060776,0.5051473525674648,0.5038518764137139,0.5064428287212157,0.0006609572213014809,2210921,2208868,Common-reference standardization; fixed reference distribution; stratified match-score delta-method 95% CI,linear_logit
KR,KR,0.6500000000000004,0.6923910534060779,0.5063508074180354,0.5050216054948049,0.5076800093412659,0.0006781642465461524,2210921,2208868,Common-reference standardization; fixed reference distribution; stratified match-score delta-method 95% CI,linear_logit
KR,KR,0.7000000000000002,0.7423910534060777,0.5075541921629276,0.5061896473499516,0.5089187369759036,0.0006961963331510171,2210921,2208868,Common-reference standardization; fixed reference distribution; stratified match-score delta-method 95% CI,linear_logit
KR,KR,0.75,0.7923910534060775,0.5087574941083242,0.5073561146978395,0.5101588735188088,0.0007149894951452269,2210921,2208868,Common-reference standardization; fixed reference distribution; stratified match-score delta-method 95% CI,linear_logit
KR,KR,0.8000000000000003,0.8423910534060778,0.5099607005636623,0.5085211126268251,0.5114002885004995,0.0007344836412434712,2210921,2208868,Common-reference standardization; fixed reference distribution; stratified match-score delta-method 95% CI,linear_logit
KR,KR,0.8500000000000001,0.8923910534060776,0.5111637988421049,0.5096847384014586,0.5126428592827513,0.0007546226737991763,2210921,2208868,Common-reference standardization; fixed reference distribution; stratified match-score delta-method 95% CI,linear_logit
KR,KR,0.9000000000000004,0.9423910534060779,0.5123667762610083,0.510847081489373,0.5138864710326437,0.0007753544753241947,2210921,2208868,Common-reference standardization; fixed reference distribution; stratified match-score delta-method 95% CI,linear_logit
KR,KR,0.9500000000000002,0.9923910534060777,0.5135696201424017,0.5120082237511404,0.515131016533663,0.000796630811868029,2210921,2208868,Common-reference standardization; fixed reference distribution; stratified match-score delta-method 95% CI,linear_logit
KR,KR,1.0,1.0423910534060774,0.5147723178134573,0.5131682397452024,0.5163763958817122,0.0008184071776810979,2210921,2208868,Common-reference standardization; fixed reference distribution; stratified match-score delta-method 95% CI,linear_logit
KR,KR,1.0500000000000003,1.0923910534060777,0.5159748566069617,0.514327197108512,0.5176225161054114,0.0008406426012498654,2210921,2208868,Common-reference standardization; fixed reference distribution; stratified match-score delta-method 95% CI,linear_logit
KR,KR,1.1,1.1423910534060775,0.5171772238617982,0.5154851569823494,0.518869290741247,0.0008632994282902161,2210921,2208868,Common-reference standardization; fixed reference distribution; stratified match-score delta-method 95% CI,linear_logit
KR,KR,1.1500000000000004,1.1923910534060778,0.5183794069234036,0.5166421744596675,0.5201166393871396,0.0008863430937428901,2210921,2208868,Common-reference standardization; fixed reference distribution; stratified match-score delta-method 95% CI,linear_logit
KR,KR,1.2000000000000002,1.2423910534060776,0.5195813931442504,0.5177982990368275,0.5213644872516734,0.0009097418915422958,2210921,2208868,Common-reference standardization; fixed reference distribution; stratified match-score delta-method 95% CI,linear_logit
KR,KR,1.25,1.2923910534060774,0.5207831698843153,0.5189535750570248,0.5226127647116058,0.0009334667486175785,2210921,2208868,Common-reference standardization; fixed reference distribution; stratified match-score delta-method 95% CI,linear_logit
KR,KR,1.3000000000000003,1.3423910534060777,0.5219847245115422,0.5201080421371537,0.5238614068859307,0.00095749100734108,2210921,2208868,Common-reference standardization; fixed reference distribution; stratified match-score delta-method 95% CI,linear_logit
KR,KR,1.35,1.3923910534060775,0.5231860444023275,0.5212617355724475,0.5251103532322076,0.0009817902193265656,2210921,2208868,Common-reference standardization; fixed reference distribution; stratified match-score delta-method 95% CI,linear_logit
KR,KR,1.4000000000000004,1.4423910534060778,0.5243871169419707,0.5224146867157821,0.5263595471681594,0.0010063419521370602,2210921,2208868,Common-reference standardization; fixed reference distribution; stratified match-score delta-method 95% CI,linear_logit
KR,KR,1.4500000000000002,1.4923910534060776,0.5255879295251615,0.5235669233300754,0.5276089357202477,0.0010311256097378337,2210921,2208868,Common-reference standardization; fixed reference distribution; stratified match-score delta-method 95% CI,linear_logit
KR,KR,1.5,1.5423910534060774,0.5267884695564291,0.5247184699133192,0.528858469199539,0.0010561222668928419,2210921,2208868,Common-reference standardization; fixed reference distribution; stratified match-score delta-method 95% CI,linear_logit
KR,KR,1.5500000000000003,1.5923910534060777,0.5279887244506248,0.5258693479969921,0.5301081009042575,0.0010813145171595143,2210921,2208868,Common-reference standardization; fixed reference distribution; stratified match-score delta-method 95% CI,linear_logit
KR,KR,1.6,1.6423910534060775,0.5291886816333743,0.5270195764186225,0.5313577868481261,0.001106686334057048,2210921,2208868,Common-reference standardization; fixed reference distribution; stratified match-score delta-method 95% CI,linear_logit
KR,KR,1.6500000000000004,1.6923910534060778,0.5303883285415549,0.5281691715701148,0.5326074855129951,0.0011322229446123157,2210921,2208868,Common-reference standardization; fixed reference distribution; stratified match-score delta-method 95% CI,linear_logit
KR,KR,1.7000000000000002,1.7423910534060776,0.5315876526237596,0.5293181476233377,0.5338571576241815,0.0011579107145009637,2210921,2208868,Common-reference standardization; fixed reference distribution; stratified match-score delta-method 95% CI,linear_logit
KR,KR,1.75,1.7923910534060774,0.5327866413407556,0.530466516734615,0.5351067659468962,0.001183737043949303,2210921,2208868,Common-reference standardization; fixed reference distribution; stratified match-score delta-method 95% CI,linear_logit
KR,KR,1.8000000000000003,1.8423910534060777,0.5339852821659491,0.5316142892299914,0.5363562751019068,0.001209690273447792,2210921,2208868,Common-reference standardization; fixed reference distribution; stratified match-score delta-method 95% CI,linear_logit
KR,KR,1.85,1.8923910534060775,0.5351835625858389,0.5327614737726807,0.5376056513989971,0.0012357595985501063,2210921,2208868,Common-reference standardization; fixed reference distribution; stratified match-score delta-method 95% CI,linear_logit
KR,KR,1.9000000000000004,1.9423910534060778,0.5363814701005016,0.5339080775146212,0.538854862686382,0.0012619349927961215,2210921,2208868,Common-reference standardization; fixed reference distribution; stratified match-score delta-method 95% CI,linear_logit
KR,KR,1.9500000000000002,1.9923910534060776,0.5375789922240204,0.5350541062332252,0.5401038782148155,0.0012882071381607675,2210921,2208868,Common-reference standardization; fixed reference distribution; stratified match-score delta-method 95% CI,linear_logit
KR,KR,2.0,2.0423910534060776,0.5387761164849668,0.5361995644550976,0.541352668514836,0.001314567362178122,2210921,2208868,Common-reference standardization; fixed reference distribution; stratified match-score delta-method 95% CI,linear_logit
