region,display_region,component,minute,time_midpoint,mean_rate,se,ci_low,ci_high,n_matches,n_teams,unit,specification,interval_method
NA1,NA,control_ward_purchases,1,0.5,0.05506230741867324,0.0001955726111267436,0.05467898510086482,0.05544562973648166,703308,1406616,events per team per minute,common_tier_patch_reference,Fixed-reference poststratification; within-cell match-cluster covariance; normal pointwise 95% CI
NA1,NA,control_ward_purchases,2,1.5,0.020623044148427843,0.00013128233132032936,0.020365730779039998,0.02088035751781569,703308,1406616,events per team per minute,common_tier_patch_reference,Fixed-reference poststratification; within-cell match-cluster covariance; normal pointwise 95% CI
NA1,NA,control_ward_purchases,3,2.5,0.10323805336603158,0.000293349767902091,0.10266308782094348,0.10381301891111967,703308,1406616,events per team per minute,common_tier_patch_reference,Fixed-reference poststratification; within-cell match-cluster covariance; normal pointwise 95% CI
NA1,NA,control_ward_purchases,4,3.5,0.2409045796372245,0.0004344043268930598,0.2400531471565141,0.2417560121179349,703308,1406616,events per team per minute,common_tier_patch_reference,Fixed-reference poststratification; within-cell match-cluster covariance; normal pointwise 95% CI
NA1,NA,control_ward_purchases,5,4.5,0.2943478782600922,0.000479053108667739,0.2934089341671034,0.29528682235308096,703308,1406616,events per team per minute,common_tier_patch_reference,Fixed-reference poststratification; within-cell match-cluster covariance; normal pointwise 95% CI
NA1,NA,control_ward_purchases,6,5.5,0.25160919947500476,0.0004478743632118156,0.2507313657231096,0.2524870332268999,703308,1406616,events per team per minute,common_tier_patch_reference,Fixed-reference poststratification; within-cell match-cluster covariance; normal pointwise 95% CI
NA1,NA,control_ward_purchases,7,6.5,0.25300462350368125,0.00044788826065560465,0.25212676251279625,0.25388248449456624,703308,1406616,events per team per minute,common_tier_patch_reference,Fixed-reference poststratification; within-cell match-cluster covariance; normal pointwise 95% CI
NA1,NA,control_ward_purchases,8,7.5,0.24866261424139285,0.000446584318418204,0.24778730897729317,0.24953791950549253,703308,1406616,events per team per minute,common_tier_patch_reference,Fixed-reference poststratification; within-cell match-cluster covariance; normal pointwise 95% CI
NA1,NA,control_ward_purchases,9,8.5,0.2328025514501988,0.00043383088434841406,0.2319522429168759,0.23365285998352167,703308,1406616,events per team per minute,common_tier_patch_reference,Fixed-reference poststratification; within-cell match-cluster covariance; normal pointwise 95% CI
NA1,NA,control_ward_purchases,10,9.5,0.2483842140955479,0.00044675273190489067,0.2475085787410143,0.24925984945008148,703308,1406616,events per team per minute,common_tier_patch_reference,Fixed-reference poststratification; within-cell match-cluster covariance; normal pointwise 95% CI
EUW1,EUW,control_ward_purchases,1,0.5,0.04382205557275395,0.0001686647869163508,0.0434914725903979,0.044152638555109994,757420,1514840,events per team per minute,common_tier_patch_reference,Fixed-reference poststratification; within-cell match-cluster covariance; normal pointwise 95% CI
EUW1,EUW,control_ward_purchases,2,1.5,0.022124385046420544,0.00012882928034448936,0.021871879656945346,0.022376890435895743,757420,1514840,events per team per minute,common_tier_patch_reference,Fixed-reference poststratification; within-cell match-cluster covariance; normal pointwise 95% CI
EUW1,EUW,control_ward_purchases,3,2.5,0.10821147824962501,0.00028670987652088686,0.10764952689164407,0.10877342960760596,757420,1514840,events per team per minute,common_tier_patch_reference,Fixed-reference poststratification; within-cell match-cluster covariance; normal pointwise 95% CI
EUW1,EUW,control_ward_purchases,4,3.5,0.27016288750484346,0.0004411063389846058,0.2692983190804336,0.2710274559292533,757420,1514840,events per team per minute,common_tier_patch_reference,Fixed-reference poststratification; within-cell match-cluster covariance; normal pointwise 95% CI
EUW1,EUW,control_ward_purchases,5,4.5,0.3154232529012414,0.0004801038696380621,0.3144822493167508,0.316364256485732,757420,1514840,events per team per minute,common_tier_patch_reference,Fixed-reference poststratification; within-cell match-cluster covariance; normal pointwise 95% CI
EUW1,EUW,control_ward_purchases,6,5.5,0.2661009407054599,0.0004451838129691195,0.26522838043204044,0.2669735009788794,757420,1514840,events per team per minute,common_tier_patch_reference,Fixed-reference poststratification; within-cell match-cluster covariance; normal pointwise 95% CI
EUW1,EUW,control_ward_purchases,7,6.5,0.2724655792665083,0.0004478269653150491,0.2715878384144908,0.27334332011852575,757420,1514840,events per team per minute,common_tier_patch_reference,Fixed-reference poststratification; within-cell match-cluster covariance; normal pointwise 95% CI
EUW1,EUW,control_ward_purchases,8,7.5,0.26824098282522807,0.0004462279844933894,0.267366375975621,0.2691155896748351,757420,1514840,events per team per minute,common_tier_patch_reference,Fixed-reference poststratification; within-cell match-cluster covariance; normal pointwise 95% CI
EUW1,EUW,control_ward_purchases,9,8.5,0.24778969894346073,0.0004312942427481028,0.24694436222767444,0.24863503565924702,757420,1514840,events per team per minute,common_tier_patch_reference,Fixed-reference poststratification; within-cell match-cluster covariance; normal pointwise 95% CI
EUW1,EUW,control_ward_purchases,10,9.5,0.2656154907088982,0.00044424270076194345,0.26474477501540483,0.2664862064023916,757420,1514840,events per team per minute,common_tier_patch_reference,Fixed-reference poststratification; within-cell match-cluster covariance; normal pointwise 95% CI
KR,KR,control_ward_purchases,1,0.5,0.03422385833698484,0.0001517060312870063,0.03392651451566231,0.03452120215830737,760724,1521448,events per team per minute,common_tier_patch_reference,Fixed-reference poststratification; within-cell match-cluster covariance; normal pointwise 95% CI
KR,KR,control_ward_purchases,2,1.5,0.0431345254348919,0.00018510266023249043,0.04277172422083622,0.04349732664894758,760724,1521448,events per team per minute,common_tier_patch_reference,Fixed-reference poststratification; within-cell match-cluster covariance; normal pointwise 95% CI
KR,KR,control_ward_purchases,3,2.5,0.19254895785185816,0.0003906479181265168,0.19178328793233018,0.19331462777138614,760724,1521448,events per team per minute,common_tier_patch_reference,Fixed-reference poststratification; within-cell match-cluster covariance; normal pointwise 95% CI
KR,KR,control_ward_purchases,4,3.5,0.40636866648740255,0.0005427294966847104,0.4053049166739005,0.4074324163009046,760724,1521448,events per team per minute,common_tier_patch_reference,Fixed-reference poststratification; within-cell match-cluster covariance; normal pointwise 95% CI
KR,KR,control_ward_purchases,5,4.5,0.468032262428509,0.0005775644698748107,0.4669002360675544,0.4691642887894636,760724,1521448,events per team per minute,common_tier_patch_reference,Fixed-reference poststratification; within-cell match-cluster covariance; normal pointwise 95% CI
KR,KR,control_ward_purchases,6,5.5,0.42128097174985835,0.0005531754892331849,0.4201967477909613,0.4223651957087554,760724,1521448,events per team per minute,common_tier_patch_reference,Fixed-reference poststratification; within-cell match-cluster covariance; normal pointwise 95% CI
KR,KR,control_ward_purchases,7,6.5,0.42788614296545646,0.0005578206359171576,0.4267928145190588,0.4289794714118541,760724,1521448,events per team per minute,common_tier_patch_reference,Fixed-reference poststratification; within-cell match-cluster covariance; normal pointwise 95% CI
KR,KR,control_ward_purchases,8,7.5,0.4283827716631701,0.0005613704003496541,0.4272824856784848,0.42948305764785544,760724,1521448,events per team per minute,common_tier_patch_reference,Fixed-reference poststratification; within-cell match-cluster covariance; normal pointwise 95% CI
KR,KR,control_ward_purchases,9,8.5,0.41255624028437193,0.0005539167603368946,0.41147056343411165,0.4136419171346322,760724,1521448,events per team per minute,common_tier_patch_reference,Fixed-reference poststratification; within-cell match-cluster covariance; normal pointwise 95% CI
KR,KR,control_ward_purchases,10,9.5,0.4458149383825321,0.0005702482450788244,0.4446972518221776,0.4469326249428866,760724,1521448,events per team per minute,common_tier_patch_reference,Fixed-reference poststratification; within-cell match-cluster covariance; normal pointwise 95% CI
